symbol	KEGG_ko
g3894	ko:K15877
g5559	ko:K05916
g5507	ko:K01176
g10257	ko:K14686
g7093	ko:K05894
g6859	ko:K14686
g6859	ko:K14686
g842	ko:K01539
g6207	ko:K05994
g8145	ko:K16261
g75	ko:K01182
g5416	ko:K03695
g10508	ko:K05687
g9993	ko:K14816
g2236	ko:K08741
g966	ko:K00459
g8039	ko:K01193
g8039	ko:K01193
g1319	ko:K00118
g5422	ko:K00866
g5422	ko:K00894
g3597	ko:K18369
g3597	ko:K18369
g1694	ko:K19654
g2258	ko:K18097
g2258	ko:K18097
g1373	ko:K03671
g566	ko:K22121
g10878	ko:K00002
g10878	ko:K00002
g3589	ko:K17742
g2665	ko:K01264
g2795	ko:K00228
g5399	ko:K08712
g5399	ko:K08712
g9975	ko:K01560
g6266	ko:K01702
g8422	ko:K00382
g8422	ko:K17583
g8422	ko:K00382
g8422	ko:K17583
g459	ko:K04125
g5012	ko:K00053
g8787	ko:K06641
g8787	ko:K08286
g8787	ko:K08794
g8787	ko:K12776
g8787	ko:K06641
g8787	ko:K08286
g8787	ko:K08794
g8787	ko:K12776
g7483	ko:K19356
g7483	ko:K22032
g738	ko:K00697
g738	ko:K16055
g738	ko:K22337
g8344	ko:K00033
g8344	ko:K00033
g6889	ko:K01673
g8597	ko:K09503
g7120	ko:K01081
g7027	ko:K00814
g7027	ko:K00814
g2987	ko:K01785
g9554	ko:K05770
g10262	ko:K01512
g2469	ko:K13704
g9689	ko:K05349
g6295	ko:K08139
g6295	ko:K08139
g7383	ko:K01104
g7383	ko:K19806
g10240	ko:K09705
g4395	ko:K07119
g4323	ko:K00008
g6622	ko:K04079
g5822	ko:K09568
g9702	ko:K01336
g8553	ko:K17757
g5969	ko:K00463
g5794	ko:K00507
g3905	ko:K01637
g4225	ko:K13127
g4225	ko:K20793
g7216	ko:K00020
g7216	ko:K11419
g3767	ko:K00027
g3767	ko:K00027
g1288	ko:K09553
g8875	ko:K09510
g7149	ko:K15104
g7149	ko:K15104
g8256	ko:K01835
g8256	ko:K15779
g10748	ko:K15450
g1854	ko:K11701
g3655	ko:K15102
g9066	ko:K08286
g6414	ko:K00463
g6654	ko:K15172
g5529	ko:K01580
g5529	ko:K01580
g9459	ko:K16261
g9806	ko:K22048
g9983	ko:K01681
g8752	ko:K22248
g1751	ko:K00134
g1751	ko:K00134
g591	ko:K01621
g591	ko:K01621
g9920	ko:K22470
g2341	ko:K00860
g2397	ko:K04450
g2397	ko:K09047
g1957	ko:K14338
g5064	ko:K09935
g5064	ko:K09935
g8554	ko:K18561
g10704	ko:K12346
g962	ko:K00235
g4992	ko:K11593
g2242	ko:K05275
g954	ko:K00681
g954	ko:K00681
g9518	ko:K00234
g4174	ko:K00511
g8535	ko:K01027
g10935	ko:K15920
g2237	ko:K01509
g2237	ko:K03695
g5652	ko:K11982
g537	ko:K00799
g7130	ko:K00058
g10537	ko:K11232
g10457	ko:K05034
g3113	ko:K01835
g514	ko:K15100
g6779	ko:K00958
g6779	ko:K00958
g4249	ko:K18338
g6996	ko:K06158
g6076	ko:K15394
g5528	ko:K01580
g5528	ko:K01580
g6691	ko:K21989
g6691	ko:K21989
g8183	ko:K06316
g10072	ko:K14289
g1654	ko:K17069
g1654	ko:K17069
g10341	ko:K00826
g10341	ko:K00826
g8383	ko:K03781
g90	ko:K01568
g90	ko:K13953
g943	ko:K01196
g210	ko:K20246
g210	ko:K20246
g10226	ko:K04091
g3214	ko:K17741
g2377	ko:K15435
g4892	ko:K01210
g7862	ko:K03676
g7862	ko:K03676
g969	ko:K06641
g2466	ko:K08286
g4351	ko:K01062
g4079	ko:K13278
g6168	ko:K01803
g5920	ko:K05917
g8390	ko:K22243
g10059	ko:K01183
g3244	ko:K00079
g4502	ko:K03671
g4502	ko:K03671
g1541	ko:K07443
g9219	ko:K01082
g1287	ko:K00963
g1842	ko:K03509
g6647	ko:K11594
g6584	ko:K00135
g4439	ko:K00381
g10891	ko:K00844
g7780	ko:K15523
g7780	ko:K15523
g3553	ko:K15072
g984	ko:K01689
g1519	ko:K12823
g1519	ko:K12823
g1519	ko:K12823
g1556	ko:K19363
g7125	ko:K00380
g3792	ko:K09051
g3792	ko:K09051
g824	ko:K20794
g7954	ko:K05349
g7954	ko:K05349
g10541	ko:K01809
g5576	ko:K17619
g4777	ko:K01115
g1020	ko:K01626
g8742	ko:K00227
g6003	ko:K15109
g1485	ko:K00354
g1485	ko:K00354
g1268	ko:K08286
g1268	ko:K08286
g1268	ko:K08286
g2628	ko:K14709
g1098	ko:K21545
g9579	ko:K01783
g5705	ko:K01264
g3025	ko:K00306
g8361	ko:K01465
g4706	ko:K06970
g4706	ko:K11393
g4104	ko:K00693
g10910	ko:K22063
g10212	ko:K01939
g1933	ko:K00323
g4302	ko:K01062
g4302	ko:K01062
g9224	ko:K14819
g6810	ko:K03231
g6778	ko:K00390
g3106	ko:K00074
g976	ko:K11886
g10420	ko:K21197
g6377	ko:K08968
g7255	ko:K05658
g7255	ko:K05658
g2436	ko:K14334
g2436	ko:K14334
g4280	ko:K00237
g4280	ko:K17791
g8377	ko:K02866
g8377	ko:K02866
g4510	ko:K00833
g4510	ko:K19562
g2952	ko:K07750
g5911	ko:K21848
g8830	ko:K00809
g9478	ko:K14015
g9478	ko:K14015
g6306	ko:K01873
g6306	ko:K01873
g1969	ko:K00927
g1969	ko:K00927
g9693	ko:K18064
g6273	ko:K00009
g7926	ko:K08956
g10222	ko:K20498
g6535	ko:K11841
g6535	ko:K11841
g2546	ko:K22124
g1707	ko:K00264
g7899	ko:K12345
g8161	ko:K15371
g6043	ko:K17878
g6043	ko:K17878
g5191	ko:K08770
g1022	ko:K05853
g1022	ko:K05853
g3152	ko:K01183
g6932	ko:K01426
g5215	ko:K02838
g2940	ko:K01192
g2940	ko:K01624
g2940	ko:K01192
g2940	ko:K01624
g6727	ko:K22503
g688	ko:K00820
g8642	ko:K02272
g3899	ko:K05864
g2486	ko:K14818
g5858	ko:K07300
g5858	ko:K07300
g7083	ko:K08158
g1695	ko:K01535
g7806	ko:K09660
g3170	ko:K00311
g10560	ko:K01301
g10560	ko:K01301
g5992	ko:K17605
g5992	ko:K17605
g5992	ko:K17605
g4124	ko:K19069
g8580	ko:K08497
g10045	ko:K01739
g9388	ko:K01056
g5346	ko:K01133
g7890	ko:K00799
g7890	ko:K00799
g10889	ko:K22315
g8541	ko:K00471
g2946	ko:K08286
g2946	ko:K19800
g6503	ko:K08192
g6503	ko:K08192
g1564	ko:K10531
g1564	ko:K10531
g8736	ko:K00643
g2178	ko:K14679
g7020	ko:K06210
g7020	ko:K06210
g9803	ko:K01876
g9803	ko:K22503
g1562	ko:K22148
g6462	ko:K03234
g2500	ko:K01974
g8527	ko:K09584
g9779	ko:K07119
g1635	ko:K00602
g6106	ko:K02932
g5245	ko:K00856
g262	ko:K03317
g7000	ko:K18561
g8366	ko:K00344
g4632	ko:K00344
g6108	ko:K14729
g4639	ko:K00275
g5086	ko:K01078
g130	ko:K15218
g9682	ko:K03809
g2453	ko:K01210
g883	ko:K11126
g8408	ko:K09202
g8408	ko:K09238
g5910	ko:K09561
g5910	ko:K09561
g9938	ko:K11252
g7244	ko:K12592
g2907	ko:K11376
g10644	ko:K01647
g5189	ko:K14816
g7254	ko:K05658
g3915	ko:K03627
g8376	ko:K02908
g1262	ko:K00505
g1883	ko:K00616
g1743	ko:K00700
g4874	ko:K05658
g2035	ko:K15532
g10585	ko:K01843
g10585	ko:K01843
g8654	ko:K15503
g8498	ko:K14708
g6515	ko:K03386
g9896	ko:K01568
g9896	ko:K01568
g5864	ko:K00121
g10758	ko:K20793
g10559	ko:K10251
g2951	ko:K02543
g2951	ko:K06640
g3629	ko:K00326
g6362	ko:K04043
g1975	ko:K00894
g1975	ko:K00894
g146	ko:K01278
g146	ko:K01282
g5993	ko:K00432
g4546	ko:K11304
g5651	ko:K17969
g5651	ko:K17969
g8407	ko:K02977
g8407	ko:K02977
g592	ko:K00925
g592	ko:K00925
g2246	ko:K04565
g4609	ko:K12462
g2705	ko:K08141
g6393	ko:K06877
g1909	ko:K10259
g4256	ko:K03363
g5857	ko:K02962
g1405	ko:K02891
g9612	ko:K02958
g9612	ko:K02958
g1560	ko:K18693
g4141	ko:K20103
g8903	ko:K01756
g8903	ko:K01756
g4522	ko:K14640
g10435	ko:K08257
g4538	ko:K03885
g5209	ko:K03841
g10440	ko:K02267
g5115	ko:K14753
g6348	ko:K01934
g4061	ko:K14640
g9301	ko:K06185
g4200	ko:K11429
g3680	ko:K01802
g1424	ko:K00505
g1424	ko:K00505
g4698	ko:K19001
g4698	ko:K19001
g9150	ko:K07213
g3136	ko:K16216
g2632	ko:K07078
g8706	ko:K00026
g8706	ko:K00026
g8706	ko:K00026
g3114	ko:K20465
g6800	ko:K03165
g8624	ko:K03257
g3059	ko:K08832
g5844	ko:K02949
g320	ko:K03849
g3612	ko:K00236
g9377	ko:K02984
g5255	ko:K04564
g1856	ko:K02269
g6614	ko:K02266
g8813	ko:K11322
g3339	ko:K00940
g3339	ko:K00940
g8827	ko:K02903
g10408	ko:K11987
g10408	ko:K17863
g10408	ko:K17864
g10408	ko:K11987
g10408	ko:K17863
g10408	ko:K17864
g368	ko:K13348
g368	ko:K13349
g10861	ko:K08738
g4855	ko:K02927
g8931	ko:K02942
g978	ko:K02868
g9322	ko:K04518
g5546	ko:K00626
g10959	ko:K15394
g5419	ko:K11227
g2053	ko:K12765
g2053	ko:K12765
g3795	ko:K19850
g1789	ko:K09880
g7946	ko:K02930
g7946	ko:K02930
g4761	ko:K21850
g1681	ko:K00222
g1185	ko:K01669
g9878	ko:K01259
g9878	ko:K01259
g10636	ko:K14171
g5746	ko:K01810
g8251	ko:K02900
g8251	ko:K11273
g2526	ko:K04078
g1988	ko:K08711
g1988	ko:K08712
g1988	ko:K08711
g1988	ko:K08712
g1988	ko:K08711
g1988	ko:K08712
g6939	ko:K20524
g6939	ko:K20524
g9077	ko:K22133
g9077	ko:K22133
g5475	ko:K02938
g9906	ko:K17475
g10538	ko:K14455
g7392	ko:K02955
g9893	ko:K16275
g5376	ko:K02877
g4999	ko:K08711
g4999	ko:K08712
g4999	ko:K08711
g2133	ko:K18696
g10645	ko:K01637
g7322	ko:K02951
g6746	ko:K02978
g9135	ko:K05286
g9135	ko:K05286
g58	ko:K02934
g1502	ko:K18158
g119	ko:K02940
g68	ko:K00411
g68	ko:K00411
g6284	ko:K01697
g7203	ko:K12385
g1712	ko:K03952
g8902	ko:K00417
g10846	ko:K02896
g6683	ko:K00102
g6683	ko:K00102
g6683	ko:K00102
g6675	ko:K01923
g1752	ko:K02263
g9367	ko:K00058
g8049	ko:K02883
g2769	ko:K02947
g10291	ko:K03386
g10291	ko:K03386
g4494	ko:K07562
g5604	ko:K02936
g5604	ko:K02936
g10499	ko:K12780
g10499	ko:K13054
g1637	ko:K13524
g10766	ko:K02991
g4146	ko:K01514
g4146	ko:K01514
g4008	ko:K01803
g3331	ko:K03306
g3331	ko:K14640
g5330	ko:K00485
g5330	ko:K00485
g8930	ko:K01698
g5201	ko:K01673
g6006	ko:K01809
g1588	ko:K04569
g1588	ko:K07213
g1588	ko:K04569
g1588	ko:K07213
g8309	ko:K02901
g10241	ko:K11344
g10241	ko:K11344
g10241	ko:K11344
g1094	ko:K02920
g3265	ko:K03685
g5322	ko:K06656
g5322	ko:K06657
g10219	ko:K15026
g2995	ko:K02873
g7256	ko:K02981
g7256	ko:K02981
g8851	ko:K19692
g10169	ko:K01580
g10169	ko:K14790
g5211	ko:K03141
g4866	ko:K09485
g4866	ko:K09489
g4866	ko:K09485
g4866	ko:K09489
g5415	ko:K02957
g8540	ko:K15108
g4859	ko:K03263
g10536	ko:K18666
g6830	ko:K10669
g3656	ko:K15542
g4023	ko:K05287
g9299	ko:K07739
g1482	ko:K00668
g14	ko:K03178
g2315	ko:K22121
g2315	ko:K22121
g4762	ko:K00949
g10691	ko:K02921
g2346	ko:K06874
g1515	ko:K02960
g1515	ko:K02960
g9956	ko:K00706
g2150	ko:K02865
g9517	ko:K02925
g9517	ko:K02925
g142	ko:K01264
g142	ko:K01302
g9043	ko:K17742
g9043	ko:K17742
g3446	ko:K02912
g3446	ko:K17822
g1972	ko:K06174
g7464	ko:K00486
g9921	ko:K02870
g382	ko:K00972
g6833	ko:K02872
g9939	ko:K11251
g9687	ko:K10356
g531	ko:K00641
g1680	ko:K10089
g706	ko:K02923
g5777	ko:K01183
g6518	ko:K01253
g6743	ko:K02889
g840	ko:K03549
g4951	ko:K20522
g4951	ko:K20522
g8206	ko:K16055
g8206	ko:K16055
g9982	ko:K14821
g9028	ko:K17679
g4799	ko:K00698
g4039	ko:K18802
g9604	ko:K02941
g4210	ko:K01687
g9198	ko:K00428
g1208	ko:K02966
g1208	ko:K02966
g9657	ko:K02953
g8135	ko:K17292
g296	ko:K12834
g1554	ko:K14575
g8124	ko:K02929
g2179	ko:K01539
g2179	ko:K01541
g8780	ko:K04077
g8985	ko:K00549
g10432	ko:K12659
g2953	ko:K01724
g7039	ko:K02259
g2015	ko:K20792
g4994	ko:K07300
g4994	ko:K07300
g604	ko:K02915
g7920	ko:K07300
g6689	ko:K02922
g6689	ko:K02922
g9789	ko:K14650
g676	ko:K12236
g3245	ko:K17648
g3245	ko:K17648
g3694	ko:K01264
g6360	ko:K01760
g739	ko:K21016
g3724	ko:K01210
g1070	ko:K11594
g1070	ko:K11594
g2607	ko:K09554
g3678	ko:K02894
g2753	ko:K02993
g10718	ko:K02875
g2158	ko:K01452
g5606	ko:K06699
g7185	ko:K11173
g8697	ko:K00383
g5666	ko:K04441
g5666	ko:K04441
g7885	ko:K14688
g8066	ko:K06667
g8066	ko:K07760
g4598	ko:K15437
g2702	ko:K00831
g6776	ko:K08490
g1614	ko:K03934
g1483	ko:K00667
g1483	ko:K00668
g2007	ko:K00551
g2007	ko:K00551
g4408	ko:K05544
g4408	ko:K05544
g1383	ko:K15333
g4788	ko:K03235
g8101	ko:K01684
g10919	ko:K01527
g6826	ko:K02985
g10818	ko:K15447
g3815	ko:K15901
g8785	ko:K01062
g7496	ko:K15303
g3337	ko:K02264
g3337	ko:K02264
g7217	ko:K01624
g2664	ko:K03142
g10685	ko:K02995
g2668	ko:K16536
g10106	ko:K00600
g2274	ko:K02898
g2274	ko:K02898
g4661	ko:K13535
g10113	ko:K02976
g10113	ko:K02976
g4254	ko:K04523
g5497	ko:K02975
g2576	ko:K06158
g500	ko:K11244
g500	ko:K11244
g500	ko:K11244
g3484	ko:K00654
g5661	ko:K02128
g5661	ko:K03880
g7386	ko:K01626
g7386	ko:K01626
g9428	ko:K15102
g3788	ko:K00698
g3788	ko:K00698
g3806	ko:K07304
g3806	ko:K07304
g8717	ko:K22134
g6852	ko:K01079
g6310	ko:K12161
g6210	ko:K12608
g4512	ko:K01012
g3626	ko:K14708
g1880	ko:K17775
g6744	ko:K02997
g2749	ko:K01647
g8258	ko:K14811
g498	ko:K13237
g4620	ko:K15451
g4620	ko:K15451
g7867	ko:K00456
g7867	ko:K00456
g4916	ko:K02964
g952	ko:K08963
g952	ko:K08963
g10373	ko:K11684
g9208	ko:K17450
g4611	ko:K12397
g4611	ko:K12397
g3914	ko:K01194
g3914	ko:K01194
g4083	ko:K01188
g6275	ko:K13939
g6275	ko:K13941
g2411	ko:K17095
g4206	ko:K09578
g4206	ko:K09578
g234	ko:K07975
g4095	ko:K15303
g8208	ko:K00252
g8208	ko:K00252
g8208	ko:K00252
g6115	ko:K00698
g8678	ko:K20791
g9369	ko:K02917
g8804	ko:K00293
g8804	ko:K00797
g5265	ko:K00817
g9368	ko:K00036
g9997	ko:K02969
g8273	ko:K15109
g8273	ko:K15109
g3456	ko:K20059
g7453	ko:K03657
g7453	ko:K03657
g7730	ko:K18693
g9047	ko:K00928
g9949	ko:K10295
g425	ko:K01188
g3033	ko:K01652
g8914	ko:K00652
g8914	ko:K01598
g422	ko:K11996
g4759	ko:K00698
g6886	ko:K01433
g3961	ko:K01613
g2586	ko:K02918
g2586	ko:K02918
g4599	ko:K01784
g4599	ko:K01785
g1328	ko:K20061
g1328	ko:K20061
g5210	ko:K00164
g392	ko:K02882
g7378	ko:K03124
g2354	ko:K12585
g2354	ko:K12585
g365	ko:K01426
g3945	ko:K01094
g3945	ko:K01094
g5938	ko:K10427
g5938	ko:K10427
g5454	ko:K01591
g5454	ko:K13421
g2519	ko:K03321
g4278	ko:K20316
g4278	ko:K20316
g1059	ko:K06630
g1059	ko:K06630
g10907	ko:K01515
g6681	ko:K02987
g2754	ko:K00799
g10436	ko:K00764
g7463	ko:K01265
g9890	ko:K15633
g3967	ko:K00615
g3967	ko:K00615
g8784	ko:K08139
g2854	ko:K00415
g2854	ko:K00415
g506	ko:K00641
g506	ko:K00641
g2578	ko:K01251
g7882	ko:K07889
g7882	ko:K07976
g5075	ko:K01824
g4938	ko:K15102
g4938	ko:K15102
g4938	ko:K15102
g3702	ko:K02998
g10690	ko:K19029
g10690	ko:K19029
g8836	ko:K20896
g10776	ko:K05972
g9318	ko:K02893
g9241	ko:K21804
g5503	ko:K04713
g8174	ko:K00697
g263	ko:K00601
g263	ko:K00601
g5801	ko:K08850
g9594	ko:K20520
g5934	ko:K00797
g8811	ko:K01409
g6368	ko:K00762
g10297	ko:K03943
g9452	ko:K00626
g10025	ko:K14568
g10025	ko:K14568
g7246	ko:K01057
g4944	ko:K12619
g9097	ko:K17417
g10363	ko:K14794
g8394	ko:K02885
g3658	ko:K14154
g5757	ko:K01254
g7377	ko:K02141
g5318	ko:K19525
g3885	ko:K00031
g3885	ko:K00031
g15	ko:K03593
g6099	ko:K07734
g9923	ko:K12373
g3327	ko:K01952
g9203	ko:K00111
g5205	ko:K20858
g9724	ko:K03163
g8753	ko:K06944
g7741	ko:K01188
g3095	ko:K07511
g10864	ko:K07112
g10042	ko:K00573
g10860	ko:K00898
g9293	ko:K03940
g2471	ko:K11262
g512	ko:K02974
g512	ko:K02974
g3472	ko:K13525
g536	ko:K00287
g536	ko:K00287
g5146	ko:K01915
g5569	ko:K00606
g4479	ko:K09829
g8299	ko:K00507
g8299	ko:K22377
g6451	ko:K03146
g8484	ko:K01560
g964	ko:K08712
g964	ko:K08712
g7390	ko:K05759
g10496	ko:K01720
g10496	ko:K01720
g9573	ko:K01426
g9573	ko:K01426
g9115	ko:K02973
g9115	ko:K02973
g3090	ko:K12878
g3303	ko:K00787
g4283	ko:K22255
g10433	ko:K08513
g8414	ko:K01381
g6174	ko:K04487
g9503	ko:K17508
g2437	ko:K03381
g9276	ko:K15040
g1159	ko:K00088
g1689	ko:K00420
g5603	ko:K07542
g5603	ko:K07542
g7174	ko:K04563
g43	ko:K20069
g8218	ko:K03846
g6234	ko:K15306
g3776	ko:K00872
g6784	ko:K00799
g6784	ko:K20929
g6784	ko:K00799
g6784	ko:K20929
g7329	ko:K14864
g3507	ko:K08712
g4056	ko:K02980
g4279	ko:K17732
g4279	ko:K17732
g2355	ko:K02144
g3775	ko:K00759
g1660	ko:K19798
g1660	ko:K19799
g2391	ko:K01974
g2714	ko:K20168
g4375	ko:K01046
g898	ko:K00413
g898	ko:K00413
g4511	ko:K00652
g2336	ko:K00294
g5796	ko:K08762
g10687	ko:K02137
g8232	ko:K18587
g6682	ko:K00133
g2659	ko:K17262
g7956	ko:K13199
g6346	ko:K14213
g2395	ko:K00059
g4748	ko:K07513
g8139	ko:K12158
g5649	ko:K18730
g5647	ko:K00026
g5421	ko:K07088
g8371	ko:K11836
g9768	ko:K03283
g6215	ko:K08851
g1551	ko:K10402
g1551	ko:K17387
g1551	ko:K18703
g3571	ko:K16833
g10193	ko:K11244
g10100	ko:K01518
g8046	ko:K01216
g8046	ko:K01216
g8046	ko:K01216
g8106	ko:K02325
g4481	ko:K02139
g4481	ko:K02139
g8431	ko:K03955
g580	ko:K08157
g580	ko:K08157
g5301	ko:K13507
g7013	ko:K14262
g3816	ko:K02265
g10336	ko:K00065
g10336	ko:K00065
g4098	ko:K03426
g4098	ko:K03426
g2369	ko:K00002
g1498	ko:K17278
g4591	ko:K11592
g8374	ko:K00789
g3171	ko:K00003
g1720	ko:K04460
g4091	ko:K01536
g9119	ko:K10807
g326	ko:K22132
g8358	ko:K11187
g3503	ko:K14012
g1403	ko:K17784
g865	ko:K01958
g2988	ko:K00559
g9117	ko:K01597
g7993	ko:K01836
g8246	ko:K02540
g5033	ko:K00413
g5033	ko:K10632
g2804	ko:K03264
g1275	ko:K02971
g8578	ko:K01507
g9240	ko:K04712
g9240	ko:K04712
g2487	ko:K14818
g7202	ko:K20221
g8912	ko:K10591
g8432	ko:K03941
g9068	ko:K14539
g1849	ko:K00015
g4482	ko:K03937
g10311	ko:K16261
g4308	ko:K03006
g6957	ko:K18549
g5806	ko:K17302
g482	ko:K14572
g8136	ko:K02212
g3500	ko:K11446
g3451	ko:K16732
g10640	ko:K03235
g10640	ko:K03235
g1544	ko:K02937
g4832	ko:K16342
g4832	ko:K07195
g9493	ko:K09567
g10643	ko:K05349
g2222	ko:K06867
g6385	ko:K09117
g3659	ko:K15287
g1778	ko:K07252
g1778	ko:K07252
g4962	ko:K03782
g3752	ko:K13179
g9805	ko:K07374
g7597	ko:K01183
g8797	ko:K14663
g4743	ko:K13711
g4743	ko:K13711
g4793	ko:K01067
g5552	ko:K02934
g4266	ko:K07936
g8050	ko:K11808
g5279	ko:K01120
g5279	ko:K03233
g1531	ko:K11547
g1531	ko:K00850
g1531	ko:K00850
g1129	ko:K11713
g8549	ko:K02132
g8549	ko:K02132
g10058	ko:K10753
g8367	ko:K07466
g2566	ko:K20369
g745	ko:K15710
g745	ko:K15710
g7767	ko:K00873
g6365	ko:K06943
g4612	ko:K01899
g5557	ko:K03942
g5557	ko:K03942
g5515	ko:K01533
g7846	ko:K18738
g3950	ko:K14792
g9126	ko:K00262
g4686	ko:K00030
g10095	ko:K01104
g3798	ko:K02619
g429	ko:K19366
g4133	ko:K00859
g6171	ko:K02143
g10848	ko:K22139
g960	ko:K14855
g4282	ko:K06630
g4282	ko:K06630
g10567	ko:K00143
g10567	ko:K00143
g7894	ko:K01892
g10161	ko:K08176
g3466	ko:K01069
g3466	ko:K01069
g4849	ko:K17261
g4849	ko:K17261
g9753	ko:K01191
g7985	ko:K01754
g8563	ko:K14709
g7398	ko:K19327
g6336	ko:K11885
g545	ko:K01148
g545	ko:K17427
g9609	ko:K01758
g7167	ko:K14788
g212	ko:K16369
g8613	ko:K08065
g118	ko:K14573
g2049	ko:K07755
g1741	ko:K01007
g5343	ko:K02937
g10012	ko:K18738
g6242	ko:K12615
g6242	ko:K12615
g1852	ko:K19786
g9257	ko:K15918
g2074	ko:K00851
g3092	ko:K12599
g8758	ko:K03959
g6563	ko:K01101
g6563	ko:K02685
g6563	ko:K01101
g6563	ko:K02685
g8584	ko:K12609
g9196	ko:K07390
g4065	ko:K10843
g87	ko:K03119
g87	ko:K19245
g4060	ko:K02209
g5204	ko:K01288
g5204	ko:K01288
g7952	ko:K03938
g2393	ko:K17738
g8626	ko:K00939
g8626	ko:K00944
g6991	ko:K20523
g10015	ko:K15100
g10015	ko:K15100
g6052	ko:K11204
g10230	ko:K19356
g5155	ko:K00416
g924	ko:K12624
g10292	ko:K15109
g183	ko:K01954
g183	ko:K11541
g5257	ko:K05290
g9650	ko:K08064
g6031	ko:K09503
g10586	ko:K22386
g4691	ko:K06911
g9741	ko:K03251
g508	ko:K07241
g508	ko:K09458
g508	ko:K09458
g251	ko:K06072
g4613	ko:K12160
g1615	ko:K10256
g2038	ko:K01648
g2038	ko:K01648
g7304	ko:K02125
g7131	ko:K01759
g7131	ko:K01759
g6409	ko:K06902
g4488	ko:K00275
g7242	ko:K00249
g5918	ko:K22152
g5918	ko:K22152
g3313	ko:K11883
g9715	ko:K19950
g7924	ko:K00418
g5596	ko:K12830
g7815	ko:K01253
g6824	ko:K15192
g1252	ko:K00021
g2008	ko:K07375
g9802	ko:K07824
g10822	ko:K10706
g4541	ko:K03845
g2511	ko:K11121
g2511	ko:K11121
g2451	ko:K01253
g2451	ko:K01253
g9930	ko:K11788
g9930	ko:K15201
g8363	ko:K01455
g5390	ko:K01792
g10710	ko:K01580
g4099	ko:K01738
g2326	ko:K10739
g3096	ko:K00474
g3017	ko:K07297
g3017	ko:K07297
g1209	ko:K01687
g2265	ko:K03247
g2857	ko:K02135
g9373	ko:K11279
g8302	ko:K17362
g723	ko:K22381
g9895	ko:K11229
g9895	ko:K11229
g5926	ko:K04630
g5926	ko:K04640
g3286	ko:K01113
g6369	ko:K01230
g8255	ko:K13076
g8255	ko:K13076
g7971	ko:K09579
g8871	ko:K13099
g6183	ko:K08675
g8460	ko:K10625
g870	ko:K01104
g2325	ko:K14808
g9321	ko:K03265
g9321	ko:K03265
g10815	ko:K02947
g6218	ko:K01514
g8747	ko:K21456
g1745	ko:K00700
g1745	ko:K02133
g1601	ko:K12604
g7105	ko:K16302
g2984	ko:K10841
g10304	ko:K10771
g10304	ko:K10771
g1132	ko:K03253
g2916	ko:K00122
g5404	ko:K01875
g6547	ko:K02134
g2459	ko:K04345
g2459	ko:K08282
g2459	ko:K19584
g2459	ko:K04345
g2459	ko:K08282
g2459	ko:K19584
g8121	ko:K01469
g8853	ko:K03120
g6758	ko:K05389
g8555	ko:K14686
g8555	ko:K14686
g10812	ko:K13953
g8781	ko:K05765
g3537	ko:K15289
g1902	ko:K04618
g1566	ko:K03252
g3669	ko:K07238
g10719	ko:K03626
g10719	ko:K03626
g10719	ko:K02138
g9404	ko:K20120
g9374	ko:K18532
g8864	ko:K08744
g9892	ko:K00505
g10778	ko:K11339
g10845	ko:K02515
g10845	ko:K06668
g10845	ko:K18679
g10845	ko:K18680
g6089	ko:K06030
g7986	ko:K01279
g10678	ko:K15296
g10678	ko:K15296
g2286	ko:K01733
g10107	ko:K20195
g2167	ko:K18183
g2010	ko:K09548
g10115	ko:K20222
g2344	ko:K18328
g9055	ko:K14532
g4135	ko:K00067
g4135	ko:K00789
g4135	ko:K06210
g4135	ko:K00067
g4135	ko:K00789
g4135	ko:K06210
g2283	ko:K20224
g4242	ko:K02140
g3291	ko:K03939
g10174	ko:K11268
g10174	ko:K11268
g6085	ko:K01725
g6085	ko:K01725
g10819	ko:K00621
g1420	ko:K14169
g3091	ko:K10998
g5957	ko:K19783
g4636	ko:K00915
g4636	ko:K14399
g4815	ko:K16261
g7962	ko:K15428
g3951	ko:K11790
g10305	ko:K14191
g5830	ko:K14454
g9103	ko:K03564
g8823	ko:K01098
g7062	ko:K17739
g5650	ko:K11557
g3492	ko:K00852
g9017	ko:K00045
g9017	ko:K00045
g7748	ko:K01070
g7748	ko:K01070
g6651	ko:K15172
g4768	ko:K20298
g283	ko:K00549
g9941	ko:K03965
g1779	ko:K11971
g9296	ko:K02910
g9296	ko:K13989
g9296	ko:K13989
g987	ko:K03242
g1770	ko:K05692
g1770	ko:K05692
g9264	ko:K03249
g10083	ko:K03953
g6944	ko:K04705
g6590	ko:K01626
g6590	ko:K01626
g2646	ko:K02516
g2646	ko:K02516
g2646	ko:K02516
g1404	ko:K01749
g3196	ko:K15029
g4594	ko:K03505
g4594	ko:K03505
g8728	ko:K15378
g8728	ko:K15378
g1884	ko:K04565
g10181	ko:K17103
g7687	ko:K13953
g10196	ko:K15109
g70	ko:K01951
g6656	ko:K02201
g6656	ko:K02201
g4508	ko:K11375
g10830	ko:K10580
g6607	ko:K15163
g9295	ko:K18798
g4470	ko:K10610
g3087	ko:K03260
g6896	ko:K01870
g9811	ko:K11294
g1160	ko:K05767
g1160	ko:K05767
g9305	ko:K15083
g9305	ko:K15083
g10345	ko:K18097
g10345	ko:K19634
g8372	ko:K11836
g8372	ko:K11836
g8372	ko:K22068
g8457	ko:K03002
g6400	ko:K17871
g2527	ko:K14684
g2527	ko:K14684
g2527	ko:K14684
g4709	ko:K01537
g4709	ko:K14950
g4011	ko:K17777
g4865	ko:K01763
g4865	ko:K20247
g7572	ko:K08737
g8754	ko:K18693
g4047	ko:K04728
g636	ko:K00948
g3922	ko:K03018
g3922	ko:K21594
g268	ko:K03521
g10253	ko:K14772
g698	ko:K15030
g4860	ko:K20298
g9548	ko:K14791
g2532	ko:K15111
g8461	ko:K00419
g871	ko:K20238
g10808	ko:K14799
g3582	ko:K15322
g8263	ko:K19690
g3357	ko:K21618
g7720	ko:K02350
g5706	ko:K03177
g3141	ko:K01194
g6123	ko:K14326
g6123	ko:K14326
g4889	ko:K06176
g8083	ko:K19791
g5040	ko:K21798
g8045	ko:K00147
g8045	ko:K00147
g10599	ko:K01679
g7021	ko:K01210
g2528	ko:K15161
g8608	ko:K04082
g5737	ko:K03949
g8688	ko:K10901
g8688	ko:K12343
g8688	ko:K10901
g8688	ko:K12343
g7855	ko:K10436
g4576	ko:K17615
g6309	ko:K11374
g6309	ko:K18178
g8521	ko:K01549
g2122	ko:K21991
g2893	ko:K00128
g10829	ko:K20409
g1187	ko:K08178
g7092	ko:K09490
g684	ko:K11397
g7370	ko:K02320
g2037	ko:K01648
g2037	ko:K01648
g8861	ko:K14828
g5674	ko:K05294
g4350	ko:K17686
g4350	ko:K17686
g5629	ko:K14550
g6670	ko:K11430
g6670	ko:K11430
g6175	ko:K12562
g9274	ko:K14803
g9274	ko:K14803
g4542	ko:K15025
g10902	ko:K08257
g2293	ko:K06942
g2293	ko:K19788
g1951	ko:K16365
g3988	ko:K01183
g7409	ko:K08516
g9876	ko:K12818
g9876	ko:K14781
g9876	ko:K17820
g2238	ko:K03232
g10023	ko:K21421
g2701	ko:K01705
g10192	ko:K01166
g9144	ko:K01953
g280	ko:K04392
g280	ko:K04393
g1579	ko:K14552
g8091	ko:K08735
g8091	ko:K19476
g5360	ko:K07140
g9026	ko:K03950
g8680	ko:K14137
g2004	ko:K00826
g4240	ko:K01102
g7373	ko:K03024
g3538	ko:K03177
g1329	ko:K03316
g1329	ko:K03316
g6609	ko:K03113
g9720	ko:K03935
g4590	ko:K17606
g2741	ko:K13354
g8614	ko:K09549
g6248	ko:K13201
g6248	ko:K13201
g3026	ko:K17803
g4365	ko:K03964
g4365	ko:K03964
g678	ko:K01273
g4791	ko:K14569
g7530	ko:K09569
g7530	ko:K09577
g7530	ko:K09569
g7530	ko:K09577
g2693	ko:K13239
g10894	ko:K12812
g2422	ko:K16261
g8878	ko:K08967
g9307	ko:K15463
g5300	ko:K08257
g5329	ko:K07513
g2118	ko:K07756
g1700	ko:K03021
g10711	ko:K22074
g577	ko:K13511
g2536	ko:K00059
g2780	ko:K03038
g9345	ko:K11788
g4277	ko:K03010
g2176	ko:K05894
g9023	ko:K09396
g9023	ko:K09401
g9023	ko:K09403
g9023	ko:K09413
g7761	ko:K01409
g7761	ko:K01409
g10329	ko:K02147
g4593	ko:K12584
g10171	ko:K20474
g9688	ko:K10356
g3579	ko:K00387
g3682	ko:K01739
g10557	ko:K08832
g4587	ko:K08734
g3739	ko:K21989
g7794	ko:K03254
g8812	ko:K05302
g9723	ko:K02136
g6167	ko:K00297
g6745	ko:K01619
g2190	ko:K06883
g7535	ko:K05824
g9676	ko:K11450
g9676	ko:K13366
g9676	ko:K20182
g9676	ko:K11450
g9676	ko:K13366
g9676	ko:K20182
g10608	ko:K01895
g5664	ko:K02541
g5664	ko:K17669
g5016	ko:K00698
g2448	ko:K17759
g4833	ko:K16944
g4833	ko:K16944
g4833	ko:K11089
g4833	ko:K20724
g8757	ko:K12581
g1878	ko:K01887
g1878	ko:K01887
g9926	ko:K15028
g2980	ko:K01092
g6321	ko:K19219
g7992	ko:K21989
g6470	ko:K01104
g6470	ko:K01110
g8411	ko:K02178
g8411	ko:K06680
g8411	ko:K02178
g8411	ko:K06680
g8411	ko:K02178
g8411	ko:K06680
g5342	ko:K15334
g5342	ko:K15334
g48	ko:K21451
g2266	ko:K00799
g2266	ko:K00799
g972	ko:K02210
g6952	ko:K14782
g3011	ko:K00062
g8247	ko:K03320
g9120	ko:K02879
g9633	ko:K14570
g4434	ko:K00344
g4434	ko:K00344
g1968	ko:K13348
g1968	ko:K20311
g1968	ko:K13348
g1968	ko:K20311
g3276	ko:K03106
g8659	ko:K19619
g2908	ko:K12846
g2853	ko:K03023
g8674	ko:K00826
g6127	ko:K02208
g6127	ko:K02208
g4622	ko:K14840
g4622	ko:K18327
g1367	ko:K10808
g7997	ko:K01452
g7997	ko:K01452
g1761	ko:K13950
g8327	ko:K11718
g4982	ko:K14567
g7829	ko:K10768
g10160	ko:K10747
g10160	ko:K10747
g6463	ko:K11090
g6945	ko:K04409
g316	ko:K04567
g6761	ko:K06875
g1704	ko:K11274
g953	ko:K17053
g8822	ko:K03256
g9209	ko:K17450
g9209	ko:K17450
g9375	ko:K01519
g8317	ko:K20291
g9315	ko:K03005
g5358	ko:K11272
g4442	ko:K01807
g6224	ko:K18655
g9984	ko:K01483
g3284	ko:K01883
g9713	ko:K14521
g2564	ko:K00128
g8499	ko:K02179
g6296	ko:K14839
g7525	ko:K14537
g9465	ko:K08794
g8305	ko:K02999
g8332	ko:K05236
g8332	ko:K05236
g10849	ko:K03946
g4505	ko:K11548
g9669	ko:K14556
g1580	ko:K03007
g6913	ko:K14549
g10024	ko:K00059
g10024	ko:K00059
g8874	ko:K11131
g9744	ko:K14688
g3485	ko:K01509
g3485	ko:K01530
g9029	ko:K01426
g247	ko:K14806
g9970	ko:K17663
g7435	ko:K01279
g9706	ko:K14837
g9972	ko:K14564
g7734	ko:K14548
g2765	ko:K11501
g2841	ko:K13095
g10751	ko:K03236
g7476	ko:K00921
g1231	ko:K20098
g790	ko:K16261
g3097	ko:K03065
g6454	ko:K05389
g5049	ko:K14213
g9118	ko:K09780
g2044	ko:K10395
g6703	ko:K01876
g6703	ko:K01876
g7727	ko:K11801
g8114	ko:K03114
g8114	ko:K03114
g3547	ko:K03190
g3312	ko:K13124
g8342	ko:K14553
g741	ko:K00765
g741	ko:K00765
g8321	ko:K07140
g9286	ko:K18470
g9286	ko:K18470
g6007	ko:K11364
g7178	ko:K03267
g8055	ko:K14765
g3958	ko:K03258
g3958	ko:K03258
g4711	ko:K01886
g4711	ko:K01886
g3328	ko:K15202
g6455	ko:K03522
g2214	ko:K12880
g7848	ko:K09527
g9606	ko:K00344
g9606	ko:K00384
g9606	ko:K00344
g9606	ko:K00384
g8482	ko:K11253
g7345	ko:K00772
g10505	ko:K01078
g10505	ko:K01078
g1996	ko:K05760
g2473	ko:K10661
g1492	ko:K08288
g5153	ko:K11654
g9484	ko:K14617
g3102	ko:K17362
g3657	ko:K11155
g2287	ko:K15430
g8676	ko:K00967
g6256	ko:K12845
g6256	ko:K12845
g2918	ko:K05740
g2918	ko:K11238
g2918	ko:K17971
g10904	ko:K11987
g10904	ko:K17863
g10904	ko:K17864
g9074	ko:K00249
g10400	ko:K14264
g974	ko:K22138
g10523	ko:K19355
g8524	ko:K14766
g9140	ko:K14838
g3540	ko:K00858
g9510	ko:K02127
g3083	ko:K07203
g3083	ko:K07203
g2989	ko:K12872
g8501	ko:K01341
g10334	ko:K01869
g10334	ko:K01869
g3875	ko:K12349
g9827	ko:K15075
g4798	ko:K00698
g1558	ko:K13205
g8627	ko:K17800
g5288	ko:K03639
g5288	ko:K20967
g5288	ko:K03639
g5288	ko:K20967
g264	ko:K11303
g9996	ko:K18667
g4089	ko:K11838
g4089	ko:K11838
g8320	ko:K00600
g8320	ko:K00600
g1423	ko:K12613
g1423	ko:K22073
g6690	ko:K11377
g705	ko:K01230
g10762	ko:K00948
g9320	ko:K15015
g10728	ko:K07953
g10277	ko:K18477
g9075	ko:K01262
g9075	ko:K06111
g5628	ko:K01649
g4005	ko:K14848
g1930	ko:K03781
g5109	ko:K00505
g1846	ko:K04353
g1846	ko:K07836
g1846	ko:K07837
g1347	ko:K01907
g4410	ko:K01426
g1144	ko:K00006
g7410	ko:K18664
g7575	ko:K14843
g2418	ko:K08496
g2674	ko:K10880
g2674	ko:K10958
g432	ko:K02183
g3817	ko:K01440
g3076	ko:K11824
g8067	ko:K20042
g8669	ko:K00232
g8669	ko:K00232
g6140	ko:K01656
g6140	ko:K13501
g219	ko:K07179
g9149	ko:K12200
g9149	ko:K12200
g10563	ko:K12620
g10563	ko:K12620
g3949	ko:K14536
g3093	ko:K20223
g3529	ko:K06867
g6616	ko:K10772
g453	ko:K00102
g9250	ko:K04513
g9250	ko:K07975
g7938	ko:K01240
g8006	ko:K15205
g2585	ko:K00938
g7331	ko:K05292
g10270	ko:K19932
g10270	ko:K19932
g3544	ko:K03099
g3544	ko:K03099
g5534	ko:K01613
g5534	ko:K01613
g3887	ko:K03246
g6839	ko:K03238
g8458	ko:K07955
g3107	ko:K10997
g10372	ko:K04499
g685	ko:K14830
g3232	ko:K08141
g5836	ko:K03248
g5836	ko:K20304
g10188	ko:K00767
g5074	ko:K21141
g858	ko:K00218
g858	ko:K11153
g4183	ko:K17978
g7387	ko:K00231
g7387	ko:K18164
g3920	ko:K02537
g10086	ko:K14854
g10498	ko:K11843
g10514	ko:K01694
g6751	ko:K00287
g6047	ko:K14857
g9069	ko:K05012
g9069	ko:K14798
g6660	ko:K03511
g1869	ko:K11254
g3139	ko:K14676
g3139	ko:K18550
g10544	ko:K20183
g782	ko:K09827
g9426	ko:K08964
g6908	ko:K18168
g6908	ko:K20352
g4425	ko:K01537
g5410	ko:K14563
g5410	ko:K14563
g7619	ko:K09658
g8643	ko:K11593
g8643	ko:K12598
g2321	ko:K14776
g9391	ko:K11352
g9391	ko:K18160
g9391	ko:K11352
g9391	ko:K18160
g248	ko:K03327
g241	ko:K01655
g241	ko:K01655
g4332	ko:K14833
g5122	ko:K14209
g10306	ko:K01493
g10306	ko:K01663
g10046	ko:K14544
g7929	ko:K02896
g10709	ko:K05747
g9083	ko:K06653
g5747	ko:K13303
g5747	ko:K13303
g332	ko:K14834
g332	ko:K14834
g28	ko:K14571
g28	ko:K14571
g9397	ko:K01262
g1701	ko:K03021
g6815	ko:K03019
g9940	ko:K00658
g2069	ko:K14824
g7910	ko:K10842
g1911	ko:K07178
g4997	ko:K19998
g9809	ko:K02260
g2083	ko:K08286
g1370	ko:K14823
g4558	ko:K03327
g4558	ko:K03327
g3548	ko:K22140
g616	ko:K14565
g862	ko:K15394
g1174	ko:K19782
g1174	ko:K19782
g10132	ko:K14292
g1418	ko:K22073
g1451	ko:K15394
g650	ko:K20295
g3062	ko:K01640
g3062	ko:K09522
g5169	ko:K03936
g2096	ko:K03439
g2096	ko:K17887
g6533	ko:K01061
g4529	ko:K10745
g3116	ko:K00555
g2213	ko:K14832
g1753	ko:K10755
g5444	ko:K19708
g687	ko:K00794
g863	ko:K03245
g8314	ko:K17275
g5010	ko:K14654
g9691	ko:K05543
g7729	ko:K21989
g7887	ko:K18106
g7887	ko:K18106
g6041	ko:K01238
g3010	ko:K00130
g1768	ko:K14780
g3360	ko:K00297
g7721	ko:K12819
g4497	ko:K14861
g4497	ko:K14861
g2024	ko:K04482
g1993	ko:K02220
g1993	ko:K02220
g4426	ko:K17644
g6476	ko:K02541
g3205	ko:K04554
g6086	ko:K18932
g3991	ko:K19308
g7470	ko:K03259
g3668	ko:K21996
g165	ko:K06653
g7680	ko:K01870
g7680	ko:K01870
g10916	ko:K12586
g4723	ko:K04070
g10014	ko:K15414
g9808	ko:K14319
g5173	ko:K00166
g5173	ko:K00166
g7579	ko:K08712
g7579	ko:K08712
g9661	ko:K01557
g1890	ko:K11341
g3053	ko:K18177
g10180	ko:K11128
g240	ko:K01823
g5658	ko:K00948
g5658	ko:K00948
g4509	ko:K15323
g6820	ko:K08286
g8437	ko:K12813
g8437	ko:K12814
g4222	ko:K00587
g8641	ko:K11373
g8641	ko:K11373
g7645	ko:K01011
g7645	ko:K01011
g9857	ko:K02324
g418	ko:K01210
g4120	ko:K14558
g5305	ko:K16803
g5663	ko:K03107
g6303	ko:K01593
g3552	ko:K03680
g7750	ko:K09191
g2726	ko:K21842
g2726	ko:K21842
g10532	ko:K18477
g2318	ko:K10849
g8454	ko:K01719
g2972	ko:K00101
g8379	ko:K10403
g8379	ko:K10403
g8084	ko:K07243
g2811	ko:K14786
g8881	ko:K14820
g7996	ko:K14798
g2337	ko:K14538
g9192	ko:K10873
g9829	ko:K14847
g3853	ko:K01889
g4161	ko:K17550
g9580	ko:K15340
g3969	ko:K01858
g2965	ko:K02564
g2965	ko:K02564
g9547	ko:K12815
g3296	ko:K13025
g3296	ko:K13025
g62	ko:K10413
g9366	ko:K10357
g8290	ko:K00231
g8290	ko:K00231
g10722	ko:K00106
g7308	ko:K20407
g5345	ko:K17679
g2223	ko:K14844
g4116	ko:K10352
g362	ko:K14685
g3166	ko:K00793
g6556	ko:K14758
g6556	ko:K14758
g3939	ko:K17868
g3285	ko:K07442
g5157	ko:K08955
g10791	ko:K12733
g10134	ko:K11275
g6552	ko:K06269
g6552	ko:K06269
g85	ko:K12617
g8105	ko:K11372
g5960	ko:K11205
g2351	ko:K13102
g2088	ko:K18757
g2088	ko:K18757
g2379	ko:K18748
g2379	ko:K18748
g3652	ko:K06173
g3652	ko:K15452
g7791	ko:K00854
g8533	ko:K07513
g8533	ko:K00451
g8533	ko:K00451
g2734	ko:K20306
g10078	ko:K01880
g9828	ko:K00295
g4377	ko:K18188
g7328	ko:K14805
g7177	ko:K13115
g8731	ko:K01814
g651	ko:K03098
g2712	ko:K18423
g5561	ko:K12471
g2284	ko:K02537
g2284	ko:K13728
g4516	ko:K10908
g5935	ko:K00858
g4857	ko:K14775
g4857	ko:K14783
g7898	ko:K01866
g4513	ko:K14849
g4513	ko:K16571
g7426	ko:K17785
g7247	ko:K09272
g7591	ko:K02355
g7623	ko:K03781
g4100	ko:K06678
g8426	ko:K01893
g10638	ko:K10419
g8783	ko:K14835
g7171	ko:K11113
g7908	ko:K18932
g7908	ko:K19323
g7908	ko:K20003
g9024	ko:K03020
g9024	ko:K03020
g6457	ko:K17782
g413	ko:K06688
g4921	ko:K05542
g10040	ko:K03348
g7635	ko:K14789
g7635	ko:K03635
g7635	ko:K03635
g9999	ko:K14860
g1105	ko:K01581
g6700	ko:K19718
g7567	ko:K01930
g5833	ko:K20032
g5833	ko:K18798
g2673	ko:K00624
g7111	ko:K00861
g8862	ko:K21845
g3100	ko:K12874
g4253	ko:K00344
g3064	ko:K22193
g3064	ko:K22193
g6087	ko:K20028
g3448	ko:K17922
g3448	ko:K17922
g3448	ko:K17922
g9183	ko:K18637
g1100	ko:K11884
g5202	ko:K08711
g5202	ko:K08712
g4387	ko:K14787
g4387	ko:K14787
g4387	ko:K14787
g6583	ko:K00505
g5103	ko:K15457
g5103	ko:K15458
g5103	ko:K15501
g10116	ko:K09580
g4943	ko:K11436
g4943	ko:K20361
g2129	ko:K01452
g1938	ko:K13509
g10596	ko:K15455
g10596	ko:K15455
g2070	ko:K12811
g8157	ko:K15445
g6543	ko:K01078
g8801	ko:K17279
g8801	ko:K17279
g10164	ko:K03349
g10539	ko:K19829
g8464	ko:K03033
g8464	ko:K03126
g1085	ko:K04564
g5225	ko:K22119
g5225	ko:K22119
g3056	ko:K17338
g6676	ko:K00589
g4012	ko:K19845
g916	ko:K15448
g10759	ko:K17788
g605	ko:K12856
g5852	ko:K20827
g3222	ko:K22048
g9914	ko:K01939
g2099	ko:K17301
g1516	ko:K15462
g1516	ko:K15462
g5591	ko:K01194
g3393	ko:K01852
g5385	ko:K01082
g8425	ko:K10253
g8940	ko:K01874
g5061	ko:K13181
g4032	ko:K04536
g4327	ko:K14152
g1026	ko:K00888
g7620	ko:K11795
g2198	ko:K14767
g1051	ko:K14566
g9285	ko:K01736
g5812	ko:K17255
g10068	ko:K20184
g1542	ko:K13106
g5104	ko:K01875
g903	ko:K03008
g903	ko:K03008
g8556	ko:K00452
g8894	ko:K00968
g8375	ko:K06883
g9739	ko:K14842
g9739	ko:K14842
g9739	ko:K14842
g8679	ko:K22384
g3324	ko:K01885
g4573	ko:K02542
g8090	ko:K19476
g2461	ko:K19842
g1158	ko:K13355
g10409	ko:K10258
g10777	ko:K11696
g9875	ko:K08518
g8890	ko:K15285
g8890	ko:K15285
g9931	ko:K18179
g6586	ko:K05681
g10813	ko:K10756
g9994	ko:K03250
g7059	ko:K00326
g9810	ko:K03848
g9810	ko:K03848
g115	ko:K20131
g115	ko:K20131
g9400	ko:K12946
g1205	ko:K15544
g1205	ko:K15544
g2563	ko:K12881
g9721	ko:K03027
g4460	ko:K00974
g3427	ko:K12618
g10321	ko:K10592
g194	ko:K03237
g8253	ko:K03013
g2808	ko:K10839
g2808	ko:K10839
g2105	ko:K15361
g2105	ko:K15361
g221	ko:K03239
g7277	ko:K00728
g7880	ko:K08294
g10923	ko:K20872
g7311	ko:K12391
g6985	ko:K07305
g7393	ko:K00211
g1888	ko:K10352
g8523	ko:K12854
g8339	ko:K02214
g9925	ko:K14801
g9526	ko:K11390
g5135	ko:K01551
g1069	ko:K01802
g1069	ko:K03768
g1069	ko:K03770
g1027	ko:K06676
g5068	ko:K19787
g6262	ko:K06674
g2483	ko:K16945
g2483	ko:K16946
g630	ko:K02146
g4048	ko:K14310
g4048	ko:K14310
g9098	ko:K15136
g1167	ko:K11226
g7989	ko:K15563
g5088	ko:K21452
g2647	ko:K12820
g2647	ko:K12820
g1058	ko:K17867
g7891	ko:K13095
g5261	ko:K06628
g2955	ko:K01764
g3572	ko:K03259
g1128	ko:K17945
g6828	ko:K03360
g2910	ko:K01228
g10028	ko:K15561
g5580	ko:K00052
g8436	ko:K10875
g9298	ko:K19770
g5393	ko:K01372
g10053	ko:K17786
g2442	ko:K06890
g8913	ko:K08869
g6474	ko:K00981
g6474	ko:K00981
g6456	ko:K11649
g6456	ko:K11772
g292	ko:K03512
g292	ko:K03513
g292	ko:K10981
g8051	ko:K04371
g9234	ko:K01597
g4165	ko:K10405
g4165	ko:K17945
g5963	ko:K08486
g4554	ko:K07393
g10779	ko:K10524
g9571	ko:K00106
g2196	ko:K15110
g7263	ko:K15105
g3783	ko:K01867
g6265	ko:K01001
g3434	ko:K01495
g5478	ko:K20471
g9655	ko:K00868
g9655	ko:K00868
g5023	ko:K01293
g872	ko:K17497
g7106	ko:K00167
g10683	ko:K07561
g10683	ko:K07561
g10807	ko:K14768
g9511	ko:K14771
g10668	ko:K21850
g2334	ko:K01210
g10438	ko:K01802
g10438	ko:K09564
g1429	ko:K05857
g1254	ko:K09008
g5130	ko:K07432
g5130	ko:K07432
g9372	ko:K15378
g9372	ko:K15378
g1331	ko:K00863
g6194	ko:K02327
g3964	ko:K04630
g3964	ko:K19860
g8172	ko:K02427
g8172	ko:K15508
g8172	ko:K02427
g8172	ko:K15508
g8892	ko:K17787
g10601	ko:K06684
g10601	ko:K06686
g8725	ko:K19730
g3480	ko:K14815
g5563	ko:K12839
g5563	ko:K12839
g1371	ko:K19765
g2020	ko:K16261
g2648	ko:K14561
g2872	ko:K20353
g396	ko:K14545
g6206	ko:K19030
g454	ko:K20405
g6013	ko:K15902
g3818	ko:K22285
g8171	ko:K14137
g8171	ko:K14684
g8171	ko:K14137
g8171	ko:K14684
g6124	ko:K01497
g4118	ko:K11130
g3654	ko:K03361
g10587	ko:K17440
g10351	ko:K03189
g5099	ko:K10589
g5099	ko:K10589
g1010	ko:K00869
g9399	ko:K16073
g1600	ko:K20121
g3206	ko:K07277
g3206	ko:K07277
g8164	ko:K00029
g8164	ko:K00029
g1552	ko:K11434
g3041	ko:K00849
g5721	ko:K01405
g5721	ko:K13726
g381	ko:K09250
g4186	ko:K09500
g4586	ko:K11254
g6307	ko:K10862
g6307	ko:K10862
g7248	ko:K14674
g1501	ko:K07901
g1501	ko:K18158
g6564	ko:K01267
g4506	ko:K00949
g8261	ko:K01477
g8261	ko:K01483
g8261	ko:K01477
g8261	ko:K01483
g8261	ko:K06867
g77	ko:K20347
g77	ko:K20347
g4286	ko:K19691
g10108	ko:K12614
g10765	ko:K13577
g5493	ko:K16186
g5493	ko:K16186
g3201	ko:K13291
g9846	ko:K10301
g9123	ko:K00645
g9123	ko:K15147
g9072	ko:K03861
g8119	ko:K15541
g9536	ko:K13617
g9431	ko:K03097
g9431	ko:K03097
g5823	ko:K04486
g7692	ko:K00223
g866	ko:K08838
g866	ko:K08838
g4017	ko:K00761
g6726	ko:K03681
g8877	ko:K14951
g7019	ko:K10590
g10061	ko:K15445
g9775	ko:K12261
g9775	ko:K13342
g278	ko:K05349
g4176	ko:K01515
g4176	ko:K01515
g8948	ko:K18786
g8948	ko:K18786
g977	ko:K11086
g977	ko:K22138
g3297	ko:K10777
g3297	ko:K12827
g5856	ko:K07059
g4197	ko:K17678
g8152	ko:K01493
g8868	ko:K09419
g9348	ko:K03685
g4155	ko:K01525
g10401	ko:K07478
g7765	ko:K03032
g4574	ko:K04382
g8733	ko:K11786
g7100	ko:K13104
g8696	ko:K03785
g10695	ko:K01164
g9389	ko:K10847
g527	ko:K00161
g6337	ko:K14850
g9605	ko:K15443
g9605	ko:K15443
g1248	ko:K12836
g4205	ko:K03017
g4205	ko:K03017
g602	ko:K01077
g602	ko:K01077
g5909	ko:K00226
g5909	ko:K00254
g7863	ko:K03456
g9894	ko:K09506
g3578	ko:K13411
g3578	ko:K13447
g4797	ko:K03243
g1589	ko:K02871
g9398	ko:K06215
g1068	ko:K02952
g1068	ko:K02952
g9745	ko:K03305
g3536	ko:K07897
g9755	ko:K14822
g504	ko:K14802
g1952	ko:K07575
g4549	ko:K11092
g9027	ko:K12873
g10060	ko:K11353
g5427	ko:K14807
g5034	ko:K03361
g5034	ko:K22071
g3462	ko:K11134
g3462	ko:K17922
g3462	ko:K11134
g3462	ko:K17922
g235	ko:K04716
g235	ko:K04717
g235	ko:K04716
g235	ko:K04717
g6460	ko:K09831
g9025	ko:K01693
g4024	ko:K05287
g7701	ko:K04392
g7701	ko:K07861
g8453	ko:K06681
g6773	ko:K01078
g6773	ko:K01728
g6773	ko:K07435
g7469	ko:K00801
g8526	ko:K12199
g2928	ko:K14831
g909	ko:K12396
g7975	ko:K18162
g9610	ko:K19177
g6738	ko:K17900
g6738	ko:K17900
g3034	ko:K20309
g1266	ko:K07117
g1266	ko:K11426
g10136	ko:K03063
g5800	ko:K17607
g5800	ko:K17607
g10179	ko:K01868
g9304	ko:K01899
g8857	ko:K11650
g697	ko:K13800
g72	ko:K16066
g72	ko:K16066
g10141	ko:K02519
g9754	ko:K15114
g7024	ko:K13352
g8901	ko:K15115
g8901	ko:K15115
g8512	ko:K15100
g8848	ko:K07541
g1327	ko:K03507
g3292	ko:K17065
g3292	ko:K17065
g10924	ko:K06867
g1273	ko:K05661
g1273	ko:K05661
g3542	ko:K11129
g8250	ko:K14007
g8250	ko:K14007
g4914	ko:K14574
g3693	ko:K13830
g39	ko:K09493
g10584	ko:K00079
g6285	ko:K12769
g6285	ko:K12769
g6415	ko:K01126
g9483	ko:K14401
g2350	ko:K06961
g10245	ko:K13341
g4241	ko:K14779
g6878	ko:K01415
g4461	ko:K00974
g170	ko:K03305
g2900	ko:K15325
g1003	ko:K16261
g1548	ko:K11569
g9242	ko:K14559
g7461	ko:K12816
g804	ko:K12858
g7652	ko:K05284
g7652	ko:K05284
g2385	ko:K02677
g2385	ko:K18050
g2385	ko:K02677
g2385	ko:K18050
g10692	ko:K08493
g9822	ko:K07748
g5542	ko:K12848
g8502	ko:K11108
g8370	ko:K02555
g6170	ko:K17981
g3052	ko:K01942
g3052	ko:K01942
g9771	ko:K00140
g1571	ko:K07942
g4880	ko:K18752
g4880	ko:K18752
g715	ko:K00472
g9678	ko:K01955
g9950	ko:K15119
g6982	ko:K09497
g6982	ko:K09497
g5815	ko:K05994
g8268	ko:K00670
g1748	ko:K06654
g4644	ko:K20465
g5958	ko:K10773
g2021	ko:K20308
g8869	ko:K03495
g8869	ko:K12479
g8306	ko:K12843
g2588	ko:K18192
g7606	ko:K17918
g2862	ko:K07019
g2862	ko:K07019
g8217	ko:K14763
g2076	ko:K03143
g6138	ko:K12411
g5302	ko:K02858
g5845	ko:K10251
g8481	ko:K17815
g7459	ko:K22066
g683	ko:K05955
g246	ko:K01918
g246	ko:K01918
g7371	ko:K13288
g7269	ko:K08869
g2424	ko:K19842
g2424	ko:K19843
g9533	ko:K08856
g4140	ko:K04348
g5440	ko:K19703
g9263	ko:K03127
g1763	ko:K08517
g5347	ko:K10573
g5347	ko:K10574
g5347	ko:K10573
g5347	ko:K10574
g6793	ko:K15153
g5500	ko:K18638
g5500	ko:K18638
g1929	ko:K14810
g864	ko:K04646
g5555	ko:K14297
g5555	ko:K18720
g5555	ko:K14297
g5555	ko:K18720
g6035	ko:K12373
g4121	ko:K16948
g4121	ko:K16948
g1392	ko:K15505
g7508	ko:K15394
g3275	ko:K17967
g178	ko:K06883
g178	ko:K06883
g8451	ko:K10875
g8451	ko:K15305
g8451	ko:K10875
g8451	ko:K15305
g1074	ko:K08597
g1074	ko:K08597
g914	ko:K12625
g5789	ko:K21806
g5789	ko:K21806
g5150	ko:K10845
g8938	ko:K17797
g2100	ko:K04718
g8806	ko:K00077
g8806	ko:K00511
g4913	ko:K13289
g10769	ko:K03687
g5218	ko:K05528
g1055	ko:K07297
g3896	ko:K12580
g3896	ko:K12580
g31	ko:K12627
g200	ko:K11269
g4055	ko:K02321
g3726	ko:K21890
g1885	ko:K15979
g6989	ko:K01424
g6989	ko:K13051
g9355	ko:K11253
g9355	ko:K11495
g1011	ko:K11135
g1011	ko:K14457
g2894	ko:K00128
g3231	ko:K08141
g4022	ko:K10703
g1788	ko:K08286
g4071	ko:K10750
g10417	ko:K02907
g9566	ko:K06911
g2434	ko:K13107
g9853	ko:K12591
g950	ko:K09494
g649	ko:K10581
g907	ko:K20047
g3676	ko:K06664
g5248	ko:K13103
g894	ko:K13721
g5494	ko:K15264
g9392	ko:K00995
g5545	ko:K03164
g5571	ko:K02309
g4167	ko:K01937
g4422	ko:K06035
g1581	ko:K11493
g3072	ko:K00162
g1966	ko:K13348
g1966	ko:K20311
g1966	ko:K13348
g1966	ko:K20311
g3558	ko:K20824
g7490	ko:K01262
g8356	ko:K03240
g9847	ko:K01230
g8462	ko:K14294
g88	ko:K12818
g6173	ko:K12183
g6173	ko:K12183
g1719	ko:K20307
g7917	ko:K07300
g10224	ko:K01785
g10143	ko:K02519
g8044	ko:K12373
g8446	ko:K03126
g8446	ko:K03126
g7301	ko:K14836
g7301	ko:K18626
g6349	ko:K11097
g5095	ko:K14856
g1703	ko:K07374
g2116	ko:K15118
g40	ko:K01881
g40	ko:K01881
g1139	ko:K03064
g4464	ko:K03750
g4464	ko:K15376
g1853	ko:K11360
g10509	ko:K09184
g8198	ko:K12669
g4816	ko:K18802
g8673	ko:K22384
g967	ko:K14852
g5609	ko:K11778
g8867	ko:K17608
g8867	ko:K17608
g7700	ko:K14784
g7700	ko:K14784
g549	ko:K13886
g1533	ko:K07512
g277	ko:K01956
g277	ko:K01956
g485	ko:K00286
g2188	ko:K20406
g8751	ko:K06666
g8751	ko:K06666
g1366	ko:K03026
g3167	ko:K18703
g3167	ko:K18703
g2368	ko:K03115
g945	ko:K05956
g5089	ko:K00784
g5445	ko:K14293
g5445	ko:K14293
g2365	ko:K10731
g2365	ko:K10731
g9550	ko:K17435
g1974	ko:K06018
g2106	ko:K15111
g10374	ko:K14546
g5575	ko:K01187
g4605	ko:K02149
g2696	ko:K01869
g3019	ko:K14859
g385	ko:K15425
g6877	ko:K01940
g7641	ko:K00627
g4035	ko:K06671
g5051	ko:K12817
g8369	ko:K10735
g10199	ko:K02967
g10199	ko:K02967
g4983	ko:K17422
g7118	ko:K03936
g10418	ko:K13431
g10418	ko:K21989
g1973	ko:K11367
g1693	ko:K01199
g5401	ko:K10575
g8340	ko:K06677
g10513	ko:K14430
g1750	ko:K11407
g1750	ko:K11407
g10030	ko:K14557
g1071	ko:K11594
g1071	ko:K11675
g7175	ko:K04563
g7175	ko:K04563
g5159	ko:K06276
g5159	ko:K11650
g5159	ko:K11760
g5159	ko:K11775
g8769	ko:K03062
g259	ko:K17675
g4376	ko:K01046
g4376	ko:K02152
g9871	ko:K09140
g3338	ko:K05546
g4551	ko:K07393
g4551	ko:K14307
g4846	ko:K17425
g4472	ko:K00020
g4472	ko:K00020
g6301	ko:K14797
g7275	ko:K22069
g4025	ko:K03380
g495	ko:K17974
g7868	ko:K06944
g895	ko:K00902
g895	ko:K05542
g9559	ko:K03022
g9559	ko:K03022
g1992	ko:K06694
g7733	ko:K01456
g6247	ko:K03507
g6247	ko:K15255
g6247	ko:K03507
g6247	ko:K15255
g8866	ko:K11251
g10881	ko:K02726
g526	ko:K14522
g1149	ko:K09495
g9699	ko:K01872
g4440	ko:K15449
g9405	ko:K01867
g9405	ko:K02946
g10198	ko:K14858
g5750	ko:K11237
g5750	ko:K11237
g8942	ko:K16938
g9470	ko:K14404
g9654	ko:K04802
g9535	ko:K14773
g5984	ko:K03963
g5001	ko:K00681
g1166	ko:K11292
g6102	ko:K13507
g6090	ko:K19704
g6090	ko:K12191
g6090	ko:K19704
g8108	ko:K00844
g7621	ko:K06655
g7621	ko:K08282
g2412	ko:K05528
g2412	ko:K05534
g2086	ko:K15331
g1559	ko:K12188
g3650	ko:K03108
g10768	ko:K03011
g8574	ko:K00698
g2739	ko:K18749
g307	ko:K22075
g5403	ko:K14809
g7994	ko:K17421
g8466	ko:K06670
g3194	ko:K08900
g6257	ko:K02155
g7790	ko:K01054
g220	ko:K03028
g5853	ko:K20521
g9800	ko:K12828
g9800	ko:K12828
g9750	ko:K12837
g3326	ko:K08874
g5564	ko:K09043
g5564	ko:K09043
g2447	ko:K02959
g7428	ko:K07889
g7428	ko:K17785
g1168	ko:K16575
g7320	ko:K17605
g7320	ko:K17605
g333	ko:K07565
g9064	ko:K03083
g9064	ko:K08282
g9064	ko:K12766
g7458	ko:K07034
g7458	ko:K07034
g7458	ko:K07034
g4420	ko:K01951
g4420	ko:K22314
g9869	ko:K11663
g9869	ko:K11663
g1595	ko:K14554
g1595	ko:K14554
g5306	ko:K16794
g7434	ko:K08486
g8695	ko:K03785
g2047	ko:K12589
g4359	ko:K01868
g8387	ko:K00586
g1659	ko:K15027
g8447	ko:K12351
g6373	ko:K08994
g4469	ko:K14721
g4469	ko:K14721
g3977	ko:K17080
g3977	ko:K17080
g7279	ko:K20473
g7279	ko:K20475
g6297	ko:K14713
g8671	ko:K18660
g8	ko:K03549
g10073	ko:K11756
g601	ko:K03025
g5476	ko:K03351
g8911	ko:K08764
g4839	ko:K00077
g8703	ko:K01613
g9504	ko:K12662
g9818	ko:K20303
g8142	ko:K01536
g9935	ko:K01509
g9935	ko:K20293
g3733	ko:K12876
g3733	ko:K12876
g9529	ko:K01738
g8765	ko:K08286
g8765	ko:K19833
g3138	ko:K09252
g3138	ko:K11768
g2308	ko:K04797
g9167	ko:K11324
g6185	ko:K10838
g1662	ko:K22484
g1662	ko:K22484
g356	ko:K14796
g710	ko:K00030
g710	ko:K00030
g5805	ko:K01509
g3465	ko:K11870
g494	ko:K11664
g7823	ko:K08257
g9317	ko:K18849
g4990	ko:K02992
g7262	ko:K18732
g8430	ko:K15620
g8430	ko:K15620
g917	ko:K14863
g9494	ko:K15216
g8064	ko:K15280
g6722	ko:K18586
g10659	ko:K13281
g1076	ko:K17783
g1076	ko:K17891
g1076	ko:K15263
g7945	ko:K11240
g7945	ko:K19812
g8476	ko:K12833
g8476	ko:K12833
g9934	ko:K15113
g7625	ko:K00988
g4335	ko:K08008
g3437	ko:K01907
g7026	ko:K03037
g10162	ko:K12614
g1522	ko:K21455
g1522	ko:K21455
g1522	ko:K21455
g10035	ko:K20826
g10035	ko:K20826
g10521	ko:K19054
g5356	ko:K15178
g2078	ko:K18584
g10307	ko:K14560
g10307	ko:K14560
g5463	ko:K11361
g7722	ko:K20040
g7722	ko:K20040
g3986	ko:K05972
g271	ko:K14770
g896	ko:K00902
g896	ko:K05542
g10349	ko:K01657
g9856	ko:K18184
g1644	ko:K11338
g8821	ko:K05756
g5574	ko:K14168
g9948	ko:K09499
g1961	ko:K12193
g3302	ko:K03355
g4986	ko:K09291
g8304	ko:K03036
g552	ko:K04345
g552	ko:K04345
g10125	ko:K15267
g179	ko:K02180
g281	ko:K08286
g281	ko:K14864
g8138	ko:K13176
g5744	ko:K17415
g9516	ko:K04354
g10804	ko:K13210
g8338	ko:K02961
g8557	ko:K02605
g2652	ko:K14785
g9186	ko:K00942
g8876	ko:K14951
g8943	ko:K02911
g6750	ko:K14829
g6750	ko:K14829
g3797	ko:K17768
g6084	ko:K01115
g6084	ko:K01115
g6211	ko:K00791
g6211	ko:K00791
g1173	ko:K21232
g2095	ko:K14849
g1140	ko:K14793
g8239	ko:K20293
g3822	ko:K19846
g6083	ko:K15456
g6083	ko:K15456
g7603	ko:K17267
g4975	ko:K03978
g9005	ko:K06683
g3074	ko:K01301
g5172	ko:K00966
g5172	ko:K00966
g9228	ko:K13337
g9646	ko:K03012
g6983	ko:K11585
g4344	ko:K14023
g4344	ko:K14026
g9508	ko:K09496
g3662	ko:K02355
g3662	ko:K02355
g4869	ko:K00627
g4869	ko:K00627
g3288	ko:K01408
g437	ko:K05012
g437	ko:K05012
g10502	ko:K02150
g9148	ko:K21543
g6418	ko:K13110
g7321	ko:K12595
g7321	ko:K14416
g7321	ko:K12595
g7321	ko:K14416
g9618	ko:K01490
g4419	ko:K14642
g3147	ko:K06997
g7522	ko:K00763
g10810	ko:K15082
g6267	ko:K15175
g8100	ko:K18339
g1380	ko:K05605
g6141	ko:K14311
g9210	ko:K01653
g8486	ko:K07827
g319	ko:K03849
g7793	ko:K07973
g8520	ko:K17065
g7379	ko:K03066
g9587	ko:K03251
g9587	ko:K15340
g2623	ko:K18932
g2623	ko:K18932
g2009	ko:K04711
g2009	ko:K05848
g9457	ko:K00993
g1716	ko:K17498
g3435	ko:K00916
g10446	ko:K10754
g7128	ko:K17290
g4566	ko:K00327
g7312	ko:K00637
g4276	ko:K12735
g9450	ko:K02219
g1718	ko:K00939
g3821	ko:K11319
g3821	ko:K11396
g3447	ko:K17822
g9581	ko:K12621
g7462	ko:K20368
g8863	ko:K11215
g9371	ko:K10991
g4663	ko:K13704
g9479	ko:K14015
g9136	ko:K07359
g9136	ko:K21157
g9136	ko:K21158
g3784	ko:K16570
g8756	ko:K14846
g8756	ko:K14846
g5635	ko:K00103
g5635	ko:K00107
g6105	ko:K17260
g6149	ko:K00493
g9823	ko:K20803
g9675	ko:K03145
g2239	ko:K08157
g2065	ko:K20780
g2065	ko:K20780
g7749	ko:K03014
g1997	ko:K10583
g10214	ko:K02307
g9394	ko:K05310
g4194	ko:K17743
g4194	ko:K17743
g5158	ko:K06276
g5158	ko:K06276
g10576	ko:K02902
g9507	ko:K03061
g4394	ko:K06287
g8707	ko:K08066
g6876	ko:K11839
g7210	ko:K11380
g9265	ko:K14774
g3428	ko:K10752
g4627	ko:K12587
g8483	ko:K11254
g9085	ko:K11567
g3782	ko:K02619
g10111	ko:K11359
g423	ko:K03544
g8743	ko:K18693
g9973	ko:K09498
g5052	ko:K14324
g4265	ko:K06693
g4265	ko:K06693
g10126	ko:K06675
g2744	ko:K14795
g2680	ko:K10743
g8465	ko:K07566
g4069	ko:K10878
g9312	ko:K02931
g2062	ko:K15427
g2062	ko:K15498
g1947	ko:K04711
g1947	ko:K05848
g1904	ko:K01336
g9280	ko:K00830
g9280	ko:K00830
g3440	ko:K17263
g4637	ko:K14399
g3477	ko:K12590
g6752	ko:K03035
g5648	ko:K00624
g5648	ko:K00624
g9670	ko:K11842
g9670	ko:K11872
g5787	ko:K07117
g9168	ko:K02218
g7870	ko:K17930
g7870	ko:K17930
g2345	ko:K14531
g5114	ko:K20526
g6747	ko:K07975
g6747	ko:K07975
g2272	ko:K03115
g2954	ko:K09043
g2147	ko:K10747
g1230	ko:K11600
g2861	ko:K14817
g4465	ko:K03661
g86	ko:K10967
g86	ko:K10967
g7865	ko:K14778
g4634	ko:K03538
g4760	ko:K14327
g4760	ko:K14327
g9917	ko:K08576
g9917	ko:K08576
g8551	ko:K03015
g8551	ko:K03015
g9303	ko:K19307
g414	ko:K15183
g1721	ko:K15171
g343	ko:K19801
g343	ko:K19801
g4255	ko:K15069
g4255	ko:K15069
g6005	ko:K07941
g6005	ko:K07941
g9762	ko:K18176
g328	ko:K17781
g2084	ko:K11568
g9084	ko:K14290
g4319	ko:K15628
g4319	ko:K15628
g7678	ko:K05291
g7678	ko:K05291
g4567	ko:K03320
g6901	ko:K03679
g2941	ko:K14309
g9141	ko:K10901
g717	ko:K02738
g9247	ko:K14006
g503	ko:K19828
g6669	ko:K11563
g9110	ko:K17617
g9110	ko:K17617
g1096	ko:K03671
g5831	ko:K08492
g8828	ko:K12831
g6030	ko:K01885
g4123	ko:K19356
g4123	ko:K22032
g433	ko:K08489
g2227	ko:K00226
g9647	ko:K20046
g5280	ko:K02996
g5607	ko:K10734
g5105	ko:K10428
g5002	ko:K02835
g6534	ko:K00223
g8236	ko:K02434
g6040	ko:K13120
g10827	ko:K12412
g7949	ko:K06063
g3567	ko:K13026
g3567	ko:K13026
g2535	ko:K03872
g439	ko:K11835
g1372	ko:K09584
g9770	ko:K08054
g4492	ko:K02950
g9297	ko:K12274
g8310	ko:K11806
g2470	ko:K16738
g8921	ko:K17361
g8921	ko:K17361
g2513	ko:K08286
g975	ko:K00006
g5107	ko:K15320
g6508	ko:K15745
g6508	ko:K15745
g6814	ko:K06867
g6091	ko:K07200
g6668	ko:K11563
g2104	ko:K12860
g7853	ko:K14960
g7839	ko:K03255
g2805	ko:K13118
g8897	ko:K13172
g7394	ko:K02433
g8295	ko:K03515
g8596	ko:K01599
g9872	ko:K12404
g9872	ko:K12404
g7231	ko:K16675
g7231	ko:K20030
g9558	ko:K20182
g3791	ko:K12761
g6934	ko:K10364
g1717	ko:K07478
g1717	ko:K14400
g2212	ko:K00766
g996	ko:K17867
g4388	ko:K10418
g4388	ko:K10418
g3683	ko:K00318
g2979	ko:K07101
g205	ko:K09650
g7170	ko:K20003
g63	ko:K05012
g9235	ko:K01764
g8296	ko:K14826
g5562	ko:K12571
g1959	ko:K17623
g8710	ko:K03783
g4446	ko:K10627
g4446	ko:K10627
g2523	ko:K08501
g9408	ko:K01099
g5438	ko:K01192
g9891	ko:K08794
g672	ko:K14457
g672	ko:K14458
g1760	ko:K07874
g10140	ko:K14408
g8713	ko:K03188
g7973	ko:K03362
g2594	ko:K10563
g8228	ko:K09131
g1437	ko:K08994
g634	ko:K12859
g634	ko:K01855
g3679	ko:K12471
g7427	ko:K21797
g419	ko:K10866
g3907	ko:K21552
g9233	ko:K09518
g1782	ko:K20288
g5803	ko:K00931
g6732	ko:K07152
g6732	ko:K07152
g4097	ko:K20289
g4096	ko:K02863
g5351	ko:K03979
g5351	ko:K10277
g5116	ko:K12663
g4333	ko:K12184
g7960	ko:K10879
g2863	ko:K06778
g2863	ko:K10361
g2863	ko:K11593
g2863	ko:K14026
g711	ko:K19306
g10099	ko:K05607
g1007	ko:K02914
g10358	ko:K02258
g10358	ko:K02258
g8737	ko:K12879
g318	ko:K11365
g8052	ko:K17783
g8052	ko:K18182
g8117	ko:K20360
g8117	ko:K20360
g1193	ko:K01301
g1193	ko:K01301
g2012	ko:K18626
g374	ko:K17765
g2975	ko:K13280
g2975	ko:K13280
g250	ko:K03000
g250	ko:K03000
g4187	ko:K17427
g3603	ko:K08900
g7399	ko:K17900
g5790	ko:K01897
g9070	ko:K20300
g8385	ko:K06201
g9819	ko:K03029
g9354	ko:K13989
g9354	ko:K13989
g5315	ko:K00864
g8082	ko:K12855
g8381	ko:K14007
g8381	ko:K14007
g3820	ko:K11404
g3820	ko:K11483
g3820	ko:K11404
g3820	ko:K11483
g3501	ko:K03217
g9294	ko:K20301
g1121	ko:K01874
g1121	ko:K01874
g3309	ko:K05019
g3309	ko:K05019
g6620	ko:K20643
g6204	ko:K17769
g4018	ko:K06199
g6288	ko:K02151
g6288	ko:K02151
g8140	ko:K20133
g5009	ko:K20352
g9453	ko:K12852
g9453	ko:K12853
g5187	ko:K13333
g5187	ko:K13333
g4304	ko:K03122
g9062	ko:K12882
g949	ko:K08852
g10020	ko:K03648
g5341	ko:K01950
g7995	ko:K07975
g7523	ko:K00326
g8423	ko:K17583
g2333	ko:K00960
g6367	ko:K17794
g3356	ko:K02731
g632	ko:K03858
g632	ko:K03858
g10283	ko:K16073
g2322	ko:K09528
g8644	ko:K11888
g3020	ko:K14777
g1769	ko:K11877
g5834	ko:K20032
g1684	ko:K07877
g1131	ko:K20279
g9112	ko:K07441
g7747	ko:K14288
g10079	ko:K07059
g4130	ko:K12393
g6026	ko:K02926
g4530	ko:K07827
g8617	ko:K11099
g9959	ko:K18715
g5400	ko:K01610
g5400	ko:K01610
g8245	ko:K11979
g8245	ko:K16261
g3330	ko:K10245
g3330	ko:K10246
g3644	ko:K00729
g8777	ko:K03062
g2023	ko:K14303
g8257	ko:K06679
g8257	ko:K18203
g1151	ko:K19619
g4075	ko:K17437
g6239	ko:K02220
g6239	ko:K06659
g2085	ko:K02988
g2195	ko:K10742
g3498	ko:K00943
g3498	ko:K00943
g742	ko:K21989
g742	ko:K21989
g2060	ko:K15084
g10247	ko:K02963
g5175	ko:K10838
g5840	ko:K15304
g10242	ko:K05663
g8313	ko:K12763
g8313	ko:K12763
g10367	ko:K05727
g2079	ko:K03134
g8522	ko:K10415
g69	ko:K15262
g587	ko:K09252
g5543	ko:K00799
g5543	ko:K03448
g9602	ko:K15429
g9602	ko:K15429
g4868	ko:K18442
g10486	ko:K11153
g5739	ko:K01808
g9960	ko:K02739
g7991	ko:K09680
g4545	ko:K18327
g4545	ko:K18327
g1436	ko:K01412
g6613	ko:K03352
g1189	ko:K01469
g1189	ko:K01469
g2061	ko:K14328
g8750	ko:K04706
g8750	ko:K20304
g8750	ko:K04706
g8750	ko:K20304
g1013	ko:K20063
g1241	ko:K17496
g5432	ko:K09550
g2233	ko:K02948
g3329	ko:K11584
g3329	ko:K11584
g5424	ko:K08287
g5424	ko:K08287
g497	ko:K19717
g2033	ko:K02510
g2033	ko:K02510
g3573	ko:K08596
g3573	ko:K08596
g9632	ko:K07151
g9961	ko:K11340
g9961	ko:K11400
g9961	ko:K11652
g9667	ko:K18599
g2202	ko:K11230
g2202	ko:K11230
g8898	ko:K12871
g5386	ko:K02933
g5386	ko:K02933
g327	ko:K01173
g7886	ko:K00988
g10411	ko:K07766
g4487	ko:K03504
g4284	ko:K14306
g9248	ko:K00604
g501	ko:K12492
g501	ko:K12492
g6238	ko:K12622
g6238	ko:K12622
g7099	ko:K12486
g5296	ko:K11306
g5296	ko:K11378
g8081	ko:K11362
g9849	ko:K18725
g9849	ko:K18725
g3499	ko:K15078
g2558	ko:K17887
g8419	ko:K02867
g4978	ko:K02154
g10152	ko:K03130
g7871	ko:K15151
g3921	ko:K21594
g3921	ko:K21594
g139	ko:K00101
g902	ko:K15711
g9319	ko:K17780
g734	ko:K02213
g6059	ko:K01253
g1045	ko:K14555
g623	ko:K04739
g5180	ko:K11763
g1767	ko:K15128
g2669	ko:K11497
g10575	ko:K04794
g10444	ko:K01634
g3960	ko:K11560
g5699	ko:K11484
g534	ko:K15140
g4678	ko:K06648
g4678	ko:K06648
g8415	ko:K05841
g6080	ko:K06639
g3889	ko:K00288
g10186	ko:K00654
g5896	ko:K01522
g5813	ko:K05285
g10437	ko:K14005
g9520	ko:K11137
g3895	ko:K07560
g3895	ko:K07560
g3895	ko:K07560
g10419	ko:K20362
g513	ko:K08870
g5199	ko:K00966
g5802	ko:K18156
g5802	ko:K18156
g3038	ko:K00721
g2289	ko:K00860
g726	ko:K10570
g5195	ko:K05954
g9603	ko:K10392
g6453	ko:K16733
g6453	ko:K19839
g7364	ko:K18468
g181	ko:K03537
g7909	ko:K17560
g9237	ko:K14315
g10170	ko:K14790
g2152	ko:K19852
g6795	ko:K18469
g3140	ko:K00281
g2295	ko:K11121
g7737	ko:K01120
g8216	ko:K01768
g8216	ko:K01768
g1504	ko:K22008
g128	ko:K11558
g3531	ko:K03457
g8488	ko:K01265
g8488	ko:K01265
g5226	ko:K21294
g209	ko:K01338
g3488	ko:K01526
g6201	ko:K10578
g535	ko:K17491
g9501	ko:K08866
g9501	ko:K08866
g2460	ko:K02155
g8077	ko:K20472
g3812	ko:K10401
g3812	ko:K10401
g2551	ko:K11723
g2551	ko:K12862
g9278	ko:K01265
g447	ko:K13566
g8711	ko:K01867
g8711	ko:K02946
g9046	ko:K15562
g8497	ko:K20367
g4507	ko:K03016
g10121	ko:K05906
g3470	ko:K19841
g3470	ko:K19841
g2560	ko:K02148
g4050	ko:K02437
g9261	ko:K11370
g305	ko:K11267
g1669	ko:K00900
g7916	ko:K07300
g9774	ko:K14439
g5742	ko:K18102
g5742	ko:K18334
g10843	ko:K01755
g1822	ko:K06669
g3073	ko:K00059
g3073	ko:K00059
g3073	ko:K12893
g3073	ko:K14651
g7173	ko:K14800
g1510	ko:K08827
g1510	ko:K08827
g8885	ko:K15356
g8774	ko:K10696
g8774	ko:K10696
g3944	ko:K11088
g2653	ko:K12868
g7168	ko:K15165
g7930	ko:K09539
g3539	ko:K09537
g1081	ko:K05757
g1081	ko:K05757
g8227	ko:K01476
g1682	ko:K05863
g5102	ko:K12198
g2073	ko:K18466
g9933	ko:K01893
g9933	ko:K01893
g5675	ko:K08496
g2270	ko:K09699
g9272	ko:K08266
g9272	ko:K08266
g9132	ko:K18045
g9132	ko:K18045
g10052	ko:K01410
g2098	ko:K12877
g358	ko:K15728
g3476	ko:K10689
g10055	ko:K06902
g10055	ko:K06902
g10595	ko:K06123
g7842	ko:K05754
g5268	ko:K01083
g5268	ko:K01083
g6363	ko:K12493
g9737	ko:K09265
g9737	ko:K19807
g3828	ko:K02730
g633	ko:K13113
g1072	ko:K02328
g2949	ko:K01641
g2394	ko:K19951
g5129	ko:K17413
g6350	ko:K15436
g3081	ko:K15196
g6112	ko:K02606
g4843	ko:K17677
g6258	ko:K07023
g999	ko:K06972
g6635	ko:K16219
g4985	ko:K03137
g10730	ko:K01443
g4802	ko:K20048
g5933	ko:K17268
g7574	ko:K05293
g7574	ko:K05293
g3664	ko:K01426
g6990	ko:K01426
g4858	ko:K02927
g4858	ko:K15219
g6386	ko:K14312
g6386	ko:K14312
g4438	ko:K00953
g4364	ko:K11681
g10726	ko:K06128
g10726	ko:K06130
g10726	ko:K06999
g6446	ko:K07025
g6446	ko:K18551
g9797	ko:K20178
g809	ko:K02727
g5766	ko:K09467
g9668	ko:K05758
g1687	ko:K16569
g1687	ko:K16569
g294	ko:K08343
g4259	ko:K12857
g1218	ko:K17648
g7369	ko:K01556
g6759	ko:K02954
g1843	ko:K00274
g10714	ko:K00818
g2440	ko:K01969
g9188	ko:K02906
g2706	ko:K01705
g3508	ko:K21642
g5793	ko:K03458
g4904	ko:K06268
g6874	ko:K11806
g10752	ko:K10848
g1690	ko:K02729
g8318	ko:K09704
g7228	ko:K00505
g7228	ko:K11562
g8389	ko:K06027
g578	ko:K21752
g6403	ko:K02876
g8547	ko:K14650
g2944	ko:K12197
g2944	ko:K16230
g8420	ko:K03031
g8420	ko:K03031
g8420	ko:K03031
g7719	ko:K00671
g2503	ko:K01509
g2503	ko:K02021
g2503	ko:K05657
g4305	ko:K02830
g1443	ko:K00804
g5638	ko:K03241
g4334	ko:K00008
g4334	ko:K05351
g2865	ko:K15442
g2865	ko:K15442
g3270	ko:K08286
g3270	ko:K08838
g3270	ko:K21618
g5357	ko:K06134
g10097	ko:K12196
g2465	ko:K16315
g4624	ko:K17770
g4521	ko:K11654
g3068	ko:K11673
g10070	ko:K09523
g8478	ko:K02737
g10251	ko:K03869
g10251	ko:K03869
g9383	ko:K07208
g6615	ko:K10772
g1950	ko:K17792
g4976	ko:K18191
g2120	ko:K20237
g8424	ko:K03104
g6025	ko:K17439
g6025	ko:K17439
g10147	ko:K06947
g9218	ko:K07095
g9218	ko:K18467
g9252	ko:K10597
g9252	ko:K10597
g2577	ko:K06158
g4765	ko:K00290
g4765	ko:K11874
g7684	ko:K10398
g7684	ko:K10398
g2630	ko:K01052
g6658	ko:K06269
g6951	ko:K03593
g1584	ko:K08267
g5423	ko:K11559
g5011	ko:K10579
g483	ko:K02935
g3836	ko:K12194
g4261	ko:K21390
g4261	ko:K21390
g4261	ko:K21390
g6292	ko:K00480
g6292	ko:K00480
g5842	ko:K00965
g5168	ko:K17807
g2464	ko:K11233
g2199	ko:K00039
g2199	ko:K04708
g2199	ko:K00039
g2199	ko:K04708
g1547	ko:K11667
g1547	ko:K11667
g1591	ko:K11761
g9076	ko:K15176
g4571	ko:K00876
g5145	ko:K00102
g5145	ko:K00102
g1320	ko:K14655
g1320	ko:K15454
g8118	ko:K14411
g918	ko:K11578
g3210	ko:K01900
g877	ko:K17806
g10823	ko:K01509
g10823	ko:K01530
g10823	ko:K01537
g9155	ko:K08711
g9155	ko:K08712
g3137	ko:K01487
g10688	ko:K12389
g1271	ko:K03030
g9751	ko:K03660
g2572	ko:K14004
g2572	ko:K14004
g9358	ko:K01802
g9358	ko:K12737
g2481	ko:K01968
g9976	ko:K12494
g9976	ko:K12494
g8429	ko:K11648
g10410	ko:K00685
g4163	ko:K15731
g4163	ko:K15731
g4796	ko:K18914
g7350	ko:K01607
g9357	ko:K13519
g4539	ko:K10277
g4539	ko:K17970
g574	ko:K00914
g6684	ko:K10846
g5965	ko:K06942
g2512	ko:K14530
g1270	ko:K06067
g4077	ko:K00720
g4077	ko:K00720
g5828	ko:K00997
g5828	ko:K00997
g5450	ko:K03357
g10497	ko:K05755
g5930	ko:K10389
g8440	ko:K14692
g10649	ko:K12389
g10204	ko:K16743
g10204	ko:K16743
g1565	ko:K18670
g1565	ko:K18670
g2595	ko:K01480
g2562	ko:K20179
g4134	ko:K14397
g7103	ko:K02728
g10460	ko:K06665
g10460	ko:K06665
g2019	ko:K15326
g2425	ko:K03350
g2425	ko:K03350
g4911	ko:K17656
g8872	ko:K14016
g3908	ko:K18342
g8150	ko:K11121
g8150	ko:K11412
g6222	ko:K05529
g10054	ko:K15156
g5221	ko:K22123
g9251	ko:K01379
g9251	ko:K01381
g2112	ko:K02864
g4604	ko:K12867
g233	ko:K11553
g7236	ko:K01922
g7236	ko:K11237
g329	ko:K10082
g337	ko:K03678
g9718	ko:K13350
g8882	ko:K11665
g8882	ko:K19307
g8882	ko:K11665
g8882	ko:K19307
g6450	ko:K16578
g8602	ko:K00002
g3332	ko:K16572
g3332	ko:K16572
g10519	ko:K06110
g4628	ko:K05533
g4628	ko:K05533
g4710	ko:K01166
g4710	ko:K01166
g1814	ko:K17795
g2968	ko:K00844
g1638	ko:K11423
g10085	ko:K12600
g9044	ko:K11826
g4776	ko:K03575
g2443	ko:K11246
g1826	ko:K01183
g1826	ko:K01183
g2587	ko:K08495
g6565	ko:K03364
g6565	ko:K03364
g10331	ko:K14972
g2220	ko:K00354
g2220	ko:K13220
g4090	ko:K14825
g3549	ko:K10609
g4043	ko:K15117
g6657	ko:K11805
g4638	ko:K09704
g2606	ko:K15559
g3388	ko:K10777
g1757	ko:K12472
g1757	ko:K12472
g9381	ko:K00761
g7726	ko:K07342
g7238	ko:K06636
g9239	ko:K17402
g2304	ko:K20176
g6320	ko:K09647
g9176	ko:K11551
g1222	ko:K00128
g1222	ko:K07249
g1222	ko:K00128
g1222	ko:K07249
g9130	ko:K20346
g6612	ko:K18159
g5891	ko:K21249
g5891	ko:K21249
g5891	ko:K04709
g4338	ko:K04567
g6444	ko:K09420
g8328	ko:K12666
g8328	ko:K12666
g7698	ko:K14998
g5183	ko:K05916
g3848	ko:K08994
g4980	ko:K19983
g6088	ko:K06030
g2291	ko:K02948
g10135	ko:K00889
g1835	ko:K18719
g1835	ko:K18719
g2782	ko:K06950
g9879	ko:K01304
g9879	ko:K01304
g2005	ko:K17541
g3293	ko:K00030
g3293	ko:K02899
g4381	ko:K05283
g1488	ko:K11662
g1488	ko:K11662
g4295	ko:K19487
g9185	ko:K12601
g9185	ko:K12602
g8802	ko:K09174
g8802	ko:K09175
g2593	ko:K20792
g2593	ko:K20792
g4003	ko:K07573
g4836	ko:K00688
g9477	ko:K12273
g9916	ko:K20465
g6264	ko:K14299
g1141	ko:K12736
g9187	ko:K14298
g7974	ko:K10426
g2268	ko:K20476
g7948	ko:K03135
g9403	ko:K02207
g2276	ko:K00730
g338	ko:K12863
g2177	ko:K12880
g10764	ko:K01889
g4443	ko:K04532
g733	ko:K08736
g6231	ko:K14536
g6557	ko:K11572
g6557	ko:K11572
g5594	ko:K03362
g249	ko:K06672
g4407	ko:K12864
g550	ko:K12849
g9690	ko:K11644
g9690	ko:K11644
g3376	ko:K00428
g4185	ko:K12870
g9275	ko:K00232
g5578	ko:K04630
g5578	ko:K04630
g6701	ko:K20044
g7025	ko:K00565
g1937	ko:K00326
g1965	ko:K12821
g7689	ko:K14526
g10006	ko:K12603
g10006	ko:K12603
g7940	ko:K02951
g10569	ko:K01915
g10811	ko:K11228
g8579	ko:K17434
g8564	ko:K07232
g182	ko:K08515
g4088	ko:K16732
g4088	ko:K16732
g9863	ko:K11866
g9863	ko:K11866
g9092	ko:K08739
g7889	ko:K21451
g7889	ko:K21451
g2545	ko:K21632
g3143	ko:K09659
g9432	ko:K05531
g2950	ko:K18182
g8625	ko:K17919
g7830	ko:K10268
g3725	ko:K20896
g1810	ko:K12670
g1810	ko:K12670
g5348	ko:K10396
g6344	ko:K14213
g265	ko:K14715
g5593	ko:K11236
g3794	ko:K07127
g2338	ko:K01111
g2338	ko:K06116
g2338	ko:K06117
g2660	ko:K00728
g5962	ko:K12394
g2358	ko:K12826
g2358	ko:K12826
g9245	ko:K18173
g9245	ko:K18173
g2045	ko:K01277
g4004	ko:K06682
g7274	ko:K22069
g2108	ko:K15160
g7879	ko:K01890
g8225	ko:K05767
g9111	ko:K03754
g10082	ko:K03039
g6834	ko:K01179
g8329	ko:K16329
g8329	ko:K16330
g8249	ko:K11827
g9660	ko:K13171
g8565	ko:K06126
g5748	ko:K11314
g8341	ko:K14404
g8341	ko:K14404
g997	ko:K01438
g4902	ko:K10877
g4020	ko:K10599
g10443	ko:K03510
g2378	ko:K18723
g4324	ko:K13122
g807	ko:K17438
g6572	ko:K17917
g9616	ko:K17508
g9616	ko:K17508
g8690	ko:K20457
g7528	ko:K01754
g927	ko:K02736
g9430	ko:K03539
g9621	ko:K12767
g6636	ko:K00129
g8611	ko:K18932
g4030	ko:K10956
g6125	ko:K01497
g10346	ko:K00469
g2801	ko:K15444
g3274	ko:K22071
g4625	ko:K19986
g6252	ko:K00863
g985	ko:K02734
g3561	ko:K05351
g5498	ko:K07952
g4615	ko:K14301
g6906	ko:K09359
g3304	ko:K17600
g4007	ko:K17424
g1612	ko:K15283
g4687	ko:K09648
g6014	ko:K14570
g2543	ko:K12869
g8207	ko:K03514
g4971	ko:K09529
g10081	ko:K05289
g3509	ko:K20777
g1713	ko:K14308
g9644	ko:K00598
g806	ko:K02735
g5084	ko:K14403
g5368	ko:K03218
g5368	ko:K15507
g2163	ko:K11098
g4480	ko:K02907
g10712	ko:K01640
g10133	ko:K03125
g9387	ko:K16196
g7389	ko:K14325
g5967	ko:K18669
g5967	ko:K18670
g5967	ko:K18669
g5967	ko:K18670
g2858	ko:K02725
g8775	ko:K15198
g10430	ko:K16075
g8416	ko:K15732
g8005	ko:K13343
g8005	ko:K13343
g9302	ko:K18624
g8449	ko:K05355
g8449	ko:K05355
g6511	ko:K01266
g6511	ko:K03859
g10504	ko:K00467
g2306	ko:K02892
g8820	ko:K10756
g8357	ko:K15859
g3639	ko:K13953
g3202	ko:K03138
g7456	ko:K06990
g8796	ko:K08869
g8796	ko:K08869
g4595	ko:K04459
g4595	ko:K04459
g6094	ko:K20989
g6382	ko:K02153
g6520	ko:K00993
g6520	ko:K00994
g5573	ko:K08793
g5573	ko:K08793
g8405	ko:K01466
g7230	ko:K06101
g7230	ko:K16675
g2856	ko:K20823
g2856	ko:K20823
g9468	ko:K20299
g6129	ko:K11213
g9071	ko:K07359
g9071	ko:K21157
g9031	ko:K13336
g4552	ko:K20404
g9860	ko:K19589
g7895	ko:K17987
g7895	ko:K21997
g7895	ko:K17987
g7895	ko:K21997
g29	ko:K12195
g7209	ko:K12897
g7209	ko:K12897
g7209	ko:K12897
g4085	ko:K02884
g2474	ko:K20301
g9058	ko:K14845
g4745	ko:K11566
g8612	ko:K03847
g1723	ko:K05531
g2332	ko:K21864
g2332	ko:K21864
g5698	ko:K00773
g5527	ko:K01068
g5527	ko:K11992
g2649	ko:K02608
g3802	ko:K01426
g3802	ko:K01426
g1124	ko:K22494
g6897	ko:K16489
g8661	ko:K10733
g1697	ko:K12829
g7963	ko:K00750
g2297	ko:K09464
g9172	ko:K06125
g2329	ko:K02326
g2945	ko:K21751
g1836	ko:K12883
g1836	ko:K12883
g968	ko:K17408
g1066	ko:K00819
g1368	ko:K20241
g8980	ko:K19785
g10951	ko:K14338
g1837	ko:K08681
g9194	ko:K21632
g2974	ko:K19953
g2501	ko:K13137
g2501	ko:K13137
g9122	ko:K00645
g6864	ko:K17795
g6864	ko:K17795
g9469	ko:K01183
g1897	ko:K14018
g6205	ko:K11518
g258	ko:K15292
g1398	ko:K20280
g10294	ko:K09424
g1744	ko:K03544
g2255	ko:K15177
g1043	ko:K11498
g7825	ko:K08502
g7825	ko:K08502
g7902	ko:K12398
g2676	ko:K10949
g5312	ko:K09827
g5895	ko:K00560
g3602	ko:K03353
g9349	ko:K17411
g9349	ko:K17411
g10137	ko:K11771
g4127	ko:K18724
g4127	ko:K18724
g5488	ko:K12626
g10522	ko:K12399
g6875	ko:K12182
g1514	ko:K19881
g5035	ko:K15272
g8945	ko:K03800
g8945	ko:K03800
g686	ko:K11422
g2802	ko:K08658
g9881	ko:K18716
g7397	ko:K03514
g7714	ko:K14709
g7714	ko:K14709
g67	ko:K15529
g7396	ko:K17805
g7213	ko:K17972
g2542	ko:K12844
g8589	ko:K10365
g8589	ko:K10365
g2970	ko:K01207
g4444	ko:K00480
g9514	ko:K03139
g8252	ko:K18203
g6695	ko:K02994
g6802	ko:K15440
g4142	ko:K00773
g6704	ko:K01866
g3273	ko:K17967
g3273	ko:K17967
g5246	ko:K12572
g5568	ko:K10576
g5568	ko:K10576
g9995	ko:K17430
g615	ko:K16576
g2290	ko:K17804
g2290	ko:K17804
g9680	ko:K08334
g6574	ko:K17362
g6574	ko:K17362
g6357	ko:K03686
g3570	ko:K01268
g10574	ko:K11984
g6225	ko:K20121
g3645	ko:K05012
g5640	ko:K22123
g6027	ko:K02520
g1970	ko:K10881
g357	ko:K10761
g7618	ko:K13100
g7618	ko:K13100
g66	ko:K03004
g66	ko:K03506
g8660	ko:K03099
g1445	ko:K08994
g369	ko:K08286
g369	ko:K08286
g3067	ko:K15174
g4547	ko:K03843
g9500	ko:K12366
g9500	ko:K12366
g4251	ko:K17778
g4251	ko:K17781
g9385	ko:K03094
g10681	ko:K11676
g6407	ko:K10598
g6407	ko:K10598
g4537	ko:K15423
g9862	ko:K11866
g10034	ko:K13108
g3047	ko:K13280
g9848	ko:K05610
g9765	ko:K18280
g926	ko:K02732
g9614	ko:K06662
g2113	ko:K01881
g2113	ko:K01881
g5441	ko:K13091
g5441	ko:K13091
g10887	ko:K15628
g8721	ko:K20181
g5207	ko:K06901
g9216	ko:K00611
g9216	ko:K00611
g8223	ko:K11304
g8223	ko:K11307
g8223	ko:K11401
g970	ko:K06641
g9694	ko:K14635
g8402	ko:K17081
g1981	ko:K10704
g6509	ko:K17841
g5443	ko:K14685
g6827	ko:K08286
g6827	ko:K08853
g2873	ko:K01530
g6232	ko:K03854
g3580	ko:K04555
g1729	ko:K05288
g9051	ko:K12274
g4548	ko:K08333
g4827	ko:K17637
g7614	ko:K12175
g3978	ko:K17776
g517	ko:K09458
g517	ko:K17662
g7602	ko:K03644
g4629	ko:K18443
g6813	ko:K12832
g5459	ko:K20456
g691	ko:K14429
g1134	ko:K07555
g2309	ko:K10639
g5961	ko:K12394
g6611	ko:K15116
g2254	ko:K07937
g2254	ko:K07977
g2254	ko:K07937
g2254	ko:K07977
g1549	ko:K11672
g10857	ko:K05747
g9515	ko:K00728
g9515	ko:K00728
g9515	ko:K00728
g5174	ko:K06127
g1095	ko:K15627
g1095	ko:K15627
g1082	ko:K11094
g4556	ko:K06653
g4556	ko:K13345
g989	ko:K12486
g6180	ko:K14022
g5662	ko:K09184
g408	ko:K11231
g408	ko:K19691
g408	ko:K11231
g408	ko:K19691
g5458	ko:K20456
g10540	ko:K05532
g10540	ko:K05532
g4580	ko:K18633
g8471	ko:K00600
g8471	ko:K00600
g6308	ko:K10862
g4414	ko:K20989
g4414	ko:K20989
g10233	ko:K15364
g1722	ko:K08284
g689	ko:K14209
g689	ko:K14209
g4357	ko:K18803
g4357	ko:K18803
g10190	ko:K10631
g137	ko:K01537
g994	ko:K20359
g7098	ko:K08504
g1321	ko:K07107
g5985	ko:K06647
g5985	ko:K06647
g1517	ko:K10994
g7016	ko:K15148
g5229	ko:K22120
g5229	ko:K22120
g2929	ko:K03650
g2441	ko:K04709
g8604	ko:K02831
g8604	ko:K06641
g3226	ko:K10736
g4309	ko:K14961
g2553	ko:K02603
g315	ko:K15014
g4704	ko:K12481
g9106	ko:K20815
g7380	ko:K07300
g9534	ko:K14773
g8880	ko:K14820
g8687	ko:K01228
g8687	ko:K01228
g5804	ko:K17796
g2153	ko:K13123
g3862	ko:K00128
g3862	ko:K00129
g3862	ko:K17819
g2046	ko:K10882
g8615	ko:K18172
g8918	ko:K19838
g8807	ko:K07199
g3511	ko:K03131
g4984	ko:K00568
g4984	ko:K00591
g9229	ko:K10577
g9229	ko:K10577
g7688	ko:K03801
g9288	ko:K01102
g9288	ko:K01102
g9099	ko:K08073
g9099	ko:K08075
g8346	ko:K14402
g10206	ko:K11366
g3876	ko:K12861
g10084	ko:K12600
g10084	ko:K12600
g1381	ko:K20180
g7613	ko:K15255
g1529	ko:K18550
g1529	ko:K18550
g9883	ko:K03860
g10736	ko:K09595
g4540	ko:K01850
g37	ko:K11271
g8730	ko:K19668
g8730	ko:K19668
g4260	ko:K20302
g7249	ko:K12667
g6618	ko:K09270
g8726	ko:K02604
g8726	ko:K06199
g588	ko:K00480
g8548	ko:K03132
g8199	ko:K15508
g1229	ko:K10273
g2771	ko:K11501
g2771	ko:K11501
g1075	ko:K00826
g3105	ko:K15441
g10151	ko:K20290
g4299	ko:K01427
g1109	ko:K13217
g5353	ko:K20463
g8934	ko:K20310
g8934	ko:K20310
g5667	ko:K04630
g5667	ko:K04640
g6728	ko:K07204
g6728	ko:K07204
g8543	ko:K13339
g9079	ko:K01247
g5098	ko:K01501
g5098	ko:K01501
g1864	ko:K03282
g8153	ko:K01493
g8153	ko:K08337
g4466	ko:K03123
g1116	ko:K09243
g1116	ko:K21547
g6433	ko:K15152
g8581	ko:K03128
g9974	ko:K01230
g2050	ko:K11811
g8763	ko:K05765
g6082	ko:K09240
g1274	ko:K20408
g3272	ko:K17790
g8771	ko:K08158
g10098	ko:K04798
g10098	ko:K04798
g10011	ko:K11698
g59	ko:K06691
g6251	ko:K11096
g6251	ko:K11096
g1708	ko:K08504
g8441	ko:K03842
g2241	ko:K04711
g2241	ko:K04711
g6122	ko:K05857
g3522	ko:K00489
g10295	ko:K00637
g5426	ko:K03105
g1903	ko:K22262
g9766	ko:K13344
g9766	ko:K13344
g1608	ko:K07904
g1608	ko:K07905
g4341	ko:K11315
g4341	ko:K11315
g4804	ko:K20372
g4804	ko:K20372
g5752	ko:K01426
g5752	ko:K12190
g2781	ko:K13335
g9230	ko:K14396
g6011	ko:K21989
g1594	ko:K16230
g127	ko:K13117
g5164	ko:K15339
g10784	ko:K14050
g10784	ko:K14050
g9078	ko:K12840
g4806	ko:K03347
g2151	ko:K12606
g7183	ko:K18626
g5620	ko:K15102
g6749	ko:K09602
g6131	ko:K20366
g4082	ko:K22382
g9714	ko:K01710
g5811	ko:K17428
g5811	ko:K17428
g5431	ko:K20177
g856	ko:K02202
g10129	ko:K10901
g1910	ko:K08329
g9586	ko:K01620
g6663	ko:K17972
g6461	ko:K13192
g6461	ko:K13192
g2561	ko:K00605
g2990	ko:K18170
g2990	ko:K18170
g1028	ko:K13754
g8065	ko:K08272
g8855	ko:K17764
g973	ko:K13338
g9617	ko:K13171
g884	ko:K20167
g387	ko:K00273
g8467	ko:K01537
g8467	ko:K20291
g9637	ko:K05658
g629	ko:K01115
g1137	ko:K07748
g8789	ko:K00276
g8789	ko:K02935
g8789	ko:K15115
g8789	ko:K15115
g1536	ko:K08869
g1536	ko:K08869
g10029	ko:K15033
g5418	ko:K09540
g9019	ko:K00620
g7388	ko:K08818
g10231	ko:K13348
g6383	ko:K21848
g2439	ko:K00253
g4250	ko:K18337
g6029	ko:K09613
g3614	ko:K08498
g3614	ko:K08499
g9977	ko:K06963
g177	ko:K15053
g3998	ko:K03434
g3526	ko:K16185
g9658	ko:K14968
g9658	ko:K14968
g2249	ko:K13093
g9761	ko:K06100
g7368	ko:K22072
g7215	ko:K12386
g2433	ko:K10416
g5176	ko:K01533
g5176	ko:K01533
g2201	ko:K03320
g2002	ko:K01431
g2002	ko:K11206
g9384	ko:K08098
g2796	ko:K08341
g1125	ko:K15071
g2931	ko:K10903
g5060	ko:K00999
g8605	ko:K10088
g6020	ko:K20028
g2347	ko:K01802
g2347	ko:K12734
g8209	ko:K04799
g4606	ko:K11094
g8573	ko:K07126
g8573	ko:K07126
g2269	ko:K12189
g6459	ko:K05349
g6459	ko:K15564
g1101	ko:K17979
g5998	ko:K01187
g4076	ko:K11309
g8401	ko:K10080
g10694	ko:K01164
g3294	ko:K01796
g4771	ko:K12275
g4897	ko:K09486
g8267	ko:K00679
g10520	ko:K15455
g7600	ko:K09142
g8312	ko:K07748
g2518	ko:K10732
g10177	ko:K11268
g8179	ko:K14407
g1671	ko:K03469
g6049	ko:K10740
g306	ko:K20403
g10850	ko:K20477
g9156	ko:K08711
g9156	ko:K08712
g7241	ko:K01045
g8729	ko:K12041
g10335	ko:K00008
g4550	ko:K14405
g2750	ko:K15560
g2750	ko:K15560
g2750	ko:K15560
g4307	ko:K06062
g10269	ko:K17086
g10176	ko:K01358
g2219	ko:K11293
g5701	ko:K11825
g4744	ko:K13711
g4744	ko:K13711
g2568	ko:K11770
g1133	ko:K12488
g7589	ko:K00128
g7589	ko:K02922
g7589	ko:K06269
g7589	ko:K07891
g7589	ko:K09557
g7589	ko:K00128
g7589	ko:K02922
g7589	ko:K06269
g7589	ko:K07891
g7589	ko:K09557
g4326	ko:K03135
g4326	ko:K03135
g2663	ko:K03142
g3481	ko:K17774
g1379	ko:K02358
g9231	ko:K08876
g6024	ko:K08197
g897	ko:K08269
g300	ko:K00008
g1528	ko:K15134
g515	ko:K08783
g5179	ko:K17866
g9898	ko:K01053
g1989	ko:K09650
g1989	ko:K09650
g9401	ko:K03868
g8220	ko:K21631
g8220	ko:K21631
g8400	ko:K01027
g8552	ko:K01282
g4623	ko:K07893
g8803	ko:K19985
g5738	ko:K13984
g5738	ko:K13996
g6235	ko:K03140
g6235	ko:K15306
g5428	ko:K03857
g5570	ko:K08336
g2956	ko:K20363
g4459	ko:K20305
g7104	ko:K12824
g7646	ko:K03358
g7646	ko:K03358
g8970	ko:K14997
g525	ko:K11853
g525	ko:K11853
g8571	ko:K12668
g5161	ko:K01785
g2866	ko:K02607
g2720	ko:K14708
g2132	ko:K13119
g2132	ko:K13119
g7467	ko:K04564
g7467	ko:K04564
g1107	ko:K08773
g1107	ko:K19840
g9521	ko:K10686
g9521	ko:K10686
g906	ko:K12847
g4068	ko:K01611
g4068	ko:K01611
g744	ko:K13174
g7785	ko:K10751
g9852	ko:K17968
g5950	ko:K02332
g2525	ko:K04075
g2525	ko:K04075
g7888	ko:K18103
g8403	ko:K02684
g9944	ko:K11849
g9611	ko:K19984
g2075	ko:K03379
g729	ko:K08339
g729	ko:K08339
g496	ko:K00987
g440	ko:K20410
g10232	ko:K20296
g3333	ko:K03854
g10588	ko:K04794
g1353	ko:K08332
g8772	ko:K19386
g8473	ko:K02993
g8380	ko:K21544
g4384	ko:K17906
g6748	ko:K12176
g8079	ko:K18995
g6763	ko:K00077
g6763	ko:K00511
g1086	ko:K18185
g6523	ko:K01941
g576	ko:K13125
g7845	ko:K15275
g7845	ko:K15275
g4877	ko:K05610
g102	ko:K00049
g3101	ko:K03144
g5391	ko:K08286
g4621	ko:K17908
g8224	ko:K11561
g8607	ko:K01489
g8607	ko:K01489
g8388	ko:K11313
g8388	ko:K19476
g484	ko:K15565
g8337	ko:K14002
g5876	ko:K01230
g6762	ko:K19940
g8847	ko:K10684
g6246	ko:K12615
g4705	ko:K02304
g9059	ko:K21631
g1126	ko:K15223
g4486	ko:K21767
g4109	ko:K12795
g10156	ko:K17739
g10156	ko:K17739
g10156	ko:K17739
g2629	ko:K18178
g5556	ko:K16466
g4349	ko:K12180
g5291	ko:K11778
g5291	ko:K19197
g5291	ko:K11778
g5291	ko:K19197
g8448	ko:K14963
g10041	ko:K16584
g1946	ko:K04711
g1946	ko:K05848
g1991	ko:K20286
g5567	ko:K18573
g1653	ko:K01897
g1653	ko:K01897
g8384	ko:K01621
g7473	ko:K00683
g7473	ko:K00683
g2034	ko:K15532
g301	ko:K12179
g718	ko:K06889
g8919	ko:K02216
g8477	ko:K10276
g10911	ko:K01480
g12	ko:K00108
g2537	ko:K10685
g10175	ko:K11268
g399	ko:K03325
g5242	ko:K18726
g3046	ko:K08330
g9282	ko:K03885
g10000	ko:K10746
g10000	ko:K10746
g10118	ko:K10601
g5277	ko:K01120
g5277	ko:K03233
g360	ko:K03133
g7937	ko:K01181
g4051	ko:K02990
g4340	ko:K07879
g4340	ko:K07880
g4044	ko:K14962
g273	ko:K18732
g2939	ko:K11874
g4478	ko:K00272
g4478	ko:K00273
g4195	ko:K07119
g6302	ko:K14967
g4775	ko:K03320
g8351	ko:K00276
g10264	ko:K17066
g10264	ko:K17066
g6666	ko:K17714
g6666	ko:K17714
g9674	ko:K11344
g9674	ko:K11344
g7276	ko:K12825
g9268	ko:K08150
g9191	ko:K01288
g1242	ko:K01191
g1242	ko:K10084
g1731	ko:K17943
g1731	ko:K17944
g4643	ko:K01424
g4643	ko:K01424
g4987	ko:K15272
g4987	ko:K15272
g2359	ko:K21768
g2359	ko:K21768
g670	ko:K01426
g7892	ko:K18083
g10287	ko:K11273
g10287	ko:K11273
g4642	ko:K05528
g5065	ko:K14376
g5065	ko:K14376
g5170	ko:K09702
g7763	ko:K10868
g8621	ko:K14284
g5030	ko:K22151
g7182	ko:K07870
g5672	ko:K11343
g5672	ko:K11399
g7571	ko:K10971
g9937	ko:K08342
g3651	ko:K03136
g2376	ko:K14675
g4597	ko:K05609
g1978	ko:K15389
g5184	ko:K08331
g8244	ko:K01180
g957	ko:K15631
g9169	ko:K14300
g9169	ko:K14300
g6438	ko:K05658
g9283	ko:K03885
g7347	ko:K00276
g8410	ko:K12177
g2294	ko:K01771
g9946	ko:K21766
g9946	ko:K21766
g5402	ko:K16368
g5402	ko:K16368
g9767	ko:K10688
g2092	ko:K11419
g1458	ko:K22134
g8682	ko:K03854
g6028	ko:K08340
g6467	ko:K10858
g4767	ko:K17644
g4563	ko:K00698
g4153	ko:K02575
g4153	ko:K02575
g4153	ko:K02575
g1009	ko:K06013
g4006	ko:K11093
g3566	ko:K10863
g3566	ko:K10863
g8788	ko:K00276
g5885	ko:K00618
g9222	ko:K03424
g8937	ko:K03844
g8937	ko:K03844
g9817	ko:K10585
g9817	ko:K10585
g10725	ko:K01741
g9513	ko:K12178
g2115	ko:K08860
g2115	ko:K16194
g2115	ko:K16195
g5029	ko:K10531
g8298	ko:K10844
g45	ko:K17983
g5025	ko:K22152
g5025	ko:K22152
g4019	ko:K11427
g2589	ko:K03512
g2589	ko:K10981
g10252	ko:K17808
g4383	ko:K19572
g2356	ko:K11761
g8238	ko:K17907
g8238	ko:K17907
g4403	ko:K20813
g2888	ko:K00457
g5430	ko:K09313
g10785	ko:K12782
g682	ko:K17989
g1391	ko:K18163
g5469	ko:K05609
g3913	ko:K07005
g8412	ko:K01751
g8412	ko:K01751
g8572	ko:K00838
g401	ko:K16282
g6364	ko:K12493
g2247	ko:K01555
g2247	ko:K01555
g1583	ko:K00365
g1583	ko:K00365
g2081	ko:K10865
g3430	ko:K05972
g6645	ko:K01078
g2248	ko:K00451
g3496	ko:K10798
g530	ko:K10884
g7342	ko:K13302
g8137	ko:K15077
g7999	ko:K13343
g10651	ko:K01638
g10651	ko:K01638
g6323	ko:K10777
g7415	ko:K01061
g3212	ko:K07513
g5165	ko:K10582
g8662	ko:K03850
g925	ko:K20777
g669	ko:K08856
g9831	ko:K11426
g4380	ko:K10992
g4380	ko:K10992
g5031	ko:K22149
g5031	ko:K22149
g7970	ko:K10885
g5795	ko:K10862
g8770	ko:K04649
g8770	ko:K04649
g5365	ko:K13983
g5365	ko:K18422
g3737	ko:K05658
g4596	ko:K12762
g3732	ko:K00033
g7878	ko:K07005
g7912	ko:K00249
g4988	ko:K15271
g7718	ko:K02365
g5271	ko:K17842
g4781	ko:K09425
g4781	ko:K21769
g3593	ko:K15855
