ko:K15877	3.92820087657477
ko:K01176	2.25959107639227
ko:K05916	1.8051795078820554
ko:K01182	1.46326075793623
ko:K05687	1.37237098887279
ko:K08741	1.29805330697327
ko:K00459	1.29381694805507
ko:K01193	1.26953318248361
ko:K00118	1.26575468687118
ko:K00866	1.2601878725943
ko:K18369	1.21210387035958
ko:K19654	1.204764475312
ko:K14686	1.173668233343379
ko:K00228	1.09731029824526
ko:K03695	1.095086395898249
ko:K01702	1.07808485001075
ko:K00382	1.07620910338911
ko:K04125	1.07388337511697
ko:K00053	1.06057399359545
ko:K12776	1.0566444359768
ko:K22337	1.03032233734043
ko:K01539	1.0155850740385814
ko:K01081	1.00125074320255
ko:K00814	1.00122119850069
ko:K05894	0.981620348559169
ko:K05770	0.972357842610681
ko:K01512	0.971694593321356
ko:K14816	0.9409475859636375
ko:K19806	0.938722797340463
ko:K09705	0.935899528940812
ko:K04079	0.920972306237874
ko:K09568	0.920159705519087
ko:K17757	0.910104589783873
ko:K13127	0.885926083304326
ko:K00463	0.880850447160446
ko:K00027	0.876495998730495
ko:K09553	0.874762544056113
ko:K09510	0.872189350718179
ko:K15104	0.868054790537875
ko:K15779	0.86627959420318
ko:K18097	0.863609278982863
ko:K15450	0.863242041544355
ko:K11701	0.859414398772598
ko:K01681	0.832680920350642
ko:K22248	0.829173780752231
ko:K00134	0.826469419279615
ko:K22470	0.823696416472952
ko:K01835	0.8164305076262734
ko:K04450	0.812438975743142
ko:K09047	0.812438975743142
ko:K09935	0.809051863777435
ko:K12346	0.798168239263908
ko:K00235	0.796772913495225
ko:K05275	0.788945622711863
ko:K05994	0.78566876005345
ko:K00234	0.784083506575199
ko:K15920	0.776909462056573
ko:K11982	0.775070431795862
ko:K11232	0.769266550177827
ko:K05034	0.766650441316152
ko:K00958	0.76177838289829
ko:K18338	0.75883208662726
ko:K00894	0.7535174364164341
ko:K08139	0.74059641197067
ko:K06316	0.733132481147224
ko:K14289	0.73233049463535
ko:K17069	0.726362129704181
ko:K01673	0.7216881187300465
ko:K01196	0.716161227638834
ko:K20246	0.716077597538607
ko:K04091	0.715254678682383
ko:K17741	0.713134702397377
ko:K15435	0.711456660907602
ko:K03676	0.709821098006147
ko:K13278	0.707295492204471
ko:K05917	0.705679616432728
ko:K22243	0.704299490937876
ko:K01560	0.6972294196177325
ko:K20793	0.695145396779435
ko:K07443	0.689551591903038
ko:K17583	0.6868846980233306
ko:K00697	0.6802703397796125
ko:K00963	0.679113021004854
ko:K03509	0.678428751061509
ko:K00135	0.67430667808
ko:K22121	0.6691988697165246
ko:K18561	0.6686020983297349
ko:K01637	0.667998081599068
ko:K00381	0.66277544497351
ko:K15523	0.660186899894584
ko:K15072	0.656581507033167
ko:K01689	0.654518169713056
ko:K12823	0.652956260207607
ko:K19363	0.652518460647345
ko:K00380	0.65168888828885
ko:K17742	0.6512361624300541
ko:K09051	0.650462647241268
ko:K20794	0.649996701439356
ko:K17619	0.648642353043973
ko:K00227	0.646844891841546
ko:K01580	0.638982197936611
ko:K01264	0.637148791120756
ko:K21545	0.634856981557584
ko:K01783	0.633631721005357
ko:K00306	0.63202214896115
ko:K01465	0.631595413141423
ko:K06970	0.630687938271848
ko:K11393	0.630687938271848
ko:K00693	0.628814429670526
ko:K03671	0.6250725935037795
ko:K22063	0.623222683892495
ko:K09503	0.622500320359179
ko:K00323	0.621823151865705
ko:K14819	0.619384167546068
ko:K03231	0.618832190105353
ko:K00390	0.616850916631648
ko:K16055	0.6146577871462914
ko:K00074	0.614389464781249
ko:K00507	0.611745577625209
ko:K11886	0.609716334468686
ko:K21197	0.608835365419981
ko:K08968	0.608799790136985
ko:K14334	0.60634795788287
ko:K00002	0.6048368761039222
ko:K00058	0.6035222406267344
ko:K00237	0.602362285851969
ko:K17791	0.602362285851969
ko:K02866	0.600880681660075
ko:K19562	0.599666585220707
ko:K00833	0.599666585220707
ko:K07750	0.597244898827609
ko:K00809	0.596477411852994
ko:K01873	0.591443309487501
ko:K00927	0.588372269263171
ko:K18064	0.587213995679773
ko:K00009	0.585841841557189
ko:K08956	0.585366644888111
ko:K20498	0.584016605204616
ko:K11841	0.583503979649779
ko:K22124	0.582846795352761
ko:K01062	0.5824624767778087
ko:K00264	0.580635618075691
ko:K12345	0.580109101096264
ko:K15371	0.577073519864588
ko:K17878	0.576851699888787
ko:K01568	0.57665002299298
ko:K08770	0.576260162678
ko:K05853	0.571176283261897
ko:K01803	0.5695612449025355
ko:K02838	0.568768101294572
ko:K00820	0.565770381203896
ko:K02272	0.565335301995471
ko:K05864	0.561682197342079
ko:K01535	0.55654118370922
ko:K09660	0.555481423973223
ko:K22503	0.555443664306329
ko:K00311	0.555286738140967
ko:K19069	0.554295525068766
ko:K08497	0.554099546242733
ko:K01056	0.549734860359671
ko:K01133	0.549470567853494
ko:K22315	0.548799009914901
ko:K00471	0.548722530199978
ko:K19800	0.548282310750631
ko:K08192	0.548185236974439
ko:K00643	0.54657890121963
ko:K14679	0.54634632002468
ko:K22148	0.544540166849348
ko:K08794	0.5433749054795715
ko:K03234	0.542530216749908
ko:K00602	0.540853301261689
ko:K01809	0.5398687541734886
ko:K02932	0.539380988258877
ko:K00856	0.539170552906519
ko:K03317	0.53854859963222
ko:K14729	0.537986985365972
ko:K15218	0.53497657001886
ko:K03809	0.534263010513192
ko:K11126	0.529642516436887
ko:K09202	0.529248128229264
ko:K09238	0.529248128229264
ko:K09561	0.527070359930876
ko:K11252	0.52692982119086
ko:K15172	0.52482559316457
ko:K12592	0.524090271934882
ko:K11376	0.523867500480746
ko:K03627	0.516342505513755
ko:K00681	0.5159146303231626
ko:K02908	0.515774244945353
ko:K00616	0.514119400687313
ko:K01843	0.511959179195605
ko:K15503	0.510056665853997
ko:K00121	0.506236786442356
ko:K01624	0.5031786905417623
ko:K06640	0.502284969126609
ko:K02543	0.502284969126609
ko:K04043	0.502060685150769
ko:K01278	0.50008818290438
ko:K00432	0.499701279949122
ko:K17969	0.497259157751406
ko:K02977	0.495156640978034
ko:K00925	0.493920352325639
ko:K12462	0.492802917964633
ko:K22032	0.49137140681226477
ko:K06877	0.490987694162824
ko:K10259	0.489884439404094
ko:K03363	0.48796997528351
ko:K02962	0.486718461377398
ko:K02891	0.486193786507544
ko:K02958	0.485674669133417
ko:K20103	0.484934552962331
ko:K01756	0.484849229731034
ko:K03841	0.483475039880246
ko:K02267	0.483427023917281
ko:K14753	0.482214806014316
ko:K01934	0.481572227292532
ko:K06185	0.476725157495999
ko:K11429	0.476031673809956
ko:K19001	0.474759726859665
ko:K16216	0.472707321703375
ko:K07078	0.472433669731324
ko:K03165	0.47031671878684
ko:K03257	0.470055508916096
ko:K02949	0.467629653835583
ko:K06641	0.46744031772905775
ko:K00236	0.467432636595741
ko:K02984	0.467186785518837
ko:K14640	0.46561439059019705
ko:K02269	0.463457634735135
ko:K02266	0.462900089865041
ko:K11322	0.462810438915325
ko:K03386	0.46020277090131767
ko:K00940	0.458601618310996
ko:K02903	0.458357946832063
ko:K13349	0.458074511370928
ko:K08738	0.457618600979465
ko:K02942	0.457532352243789
ko:K02868	0.457122128397597
ko:K04518	0.456211017658214
ko:K13704	0.45570198447245863
ko:K11227	0.454686921766994
ko:K12765	0.452680261218456
ko:K19850	0.452131983856721
ko:K09880	0.45207186045803
ko:K02930	0.451721912760893
ko:K00222	0.44992216354432
ko:K01669	0.449738094768073
ko:K01259	0.449683395977592
ko:K14171	0.44926258642929
ko:K01810	0.448848182642826
ko:K22048	0.44872821984103933
ko:K02900	0.448557440527946
ko:K04078	0.448478830246832
ko:K20524	0.447962415189607
ko:K22133	0.447777323214285
ko:K02938	0.447175585300087
ko:K17475	0.44638799635881
ko:K14455	0.446231433070578
ko:K02955	0.44610915264724
ko:K16275	0.445771547592264
ko:K02877	0.445761031247337
ko:K07213	0.4455561746200787
ko:K18696	0.445473833101556
ko:K02978	0.445033180617406
ko:K05286	0.444455381422141
ko:K01647	0.443266498148957
ko:K02940	0.442280464508886
ko:K00411	0.441776400936095
ko:K01697	0.44114872742463
ko:K12385	0.441034100449461
ko:K03952	0.440715295031869
ko:K00417	0.440675559442641
ko:K01923	0.438812913163
ko:K02263	0.438263601387622
ko:K02883	0.43712258727595
ko:K07562	0.436111416313269
ko:K02936	0.436088858975343
ko:K13054	0.434500968590666
ko:K12780	0.434500968590666
ko:K13524	0.434024775455007
ko:K02991	0.433797707487956
ko:K03306	0.432538221294276
ko:K00485	0.432321449748079
ko:K01698	0.431465082520129
ko:K04569	0.430978136530577
ko:K02901	0.430713788619168
ko:K00026	0.428101249350074
ko:K02920	0.427914415508799
ko:K01336	0.4274703946706745
ko:K06656	0.426601823818831
ko:K06657	0.426601823818831
ko:K15026	0.426338491876716
ko:K02873	0.426302569076244
ko:K02981	0.426223052863275
ko:K19692	0.425767373817968
ko:K03141	0.424875268154415
ko:K09489	0.424831790748614
ko:K09485	0.424831790748614
ko:K02957	0.424714348808698
ko:K15108	0.424129182221456
ko:K03263	0.423433158830048
ko:K18666	0.4228003894805
ko:K10669	0.422474895567376
ko:K15542	0.422238312723407
ko:K01974	0.4219306780750975
ko:K07739	0.421923062372858
ko:K03178	0.420806435777114
ko:K14818	0.4202950843083395
ko:K02921	0.41983562422688
ko:K06874	0.419397175206352
ko:K02960	0.418817080669133
ko:K00706	0.418429445297951
ko:K02865	0.418375017240962
ko:K02925	0.418121186884538
ko:K01302	0.417326990934048
ko:K02912	0.416453455076609
ko:K06174	0.415452482579217
ko:K00486	0.415328367529842
ko:K02870	0.414373519348292
ko:K01621	0.4139530417081963
ko:K00972	0.413256722720249
ko:K02872	0.412759051812165
ko:K10089	0.409949969460432
ko:K02923	0.409303791313201
ko:K02889	0.408231208117792
ko:K20522	0.40756977352873
ko:K14821	0.406368822867374
ko:K19356	0.4062883073161492
ko:K02941	0.403969250131196
ko:K00668	0.402709451544977
ko:K02966	0.400353980539386
ko:K02953	0.400336057740971
ko:K17292	0.400029142256664
ko:K12834	0.399135798699079
ko:K14575	0.39907448283147
ko:K02929	0.398744161304596
ko:K01541	0.395509285484903
ko:K04077	0.395504200165532
ko:K12659	0.395057374034541
ko:K01724	0.395030047131853
ko:K02259	0.394897389946987
ko:K02915	0.393773703851778
ko:K01104	0.392740809687334
ko:K00626	0.391767019014041
ko:K12236	0.39034187373042
ko:K01760	0.389849906065342
ko:K21016	0.389676056707383
ko:K09554	0.389339610607194
ko:K02894	0.389334572686802
ko:K02875	0.389302789264261
ko:K06699	0.387356173921413
ko:K11173	0.386498125841831
ko:K00383	0.386405347431651
ko:K04441	0.386349293395666
ko:K06667	0.385322504119329
ko:K07760	0.385322504119329
ko:K15437	0.385321081871865
ko:K00831	0.384988283367725
ko:K08490	0.384727708292405
ko:K03934	0.384106068954364
ko:K00667	0.384084542059331
ko:K00275	0.3833807863314665
ko:K00551	0.383370145078703
ko:K05544	0.382379707012524
ko:K15333	0.382023107464759
ko:K01684	0.380790417767543
ko:K01527	0.380493772768078
ko:K02985	0.379928028137812
ko:K15447	0.379106769281232
ko:K15901	0.37864804687077
ko:K14015	0.3782447838400083
ko:K02264	0.377120679556768
ko:K00354	0.37601823887922764
ko:K02995	0.375315861062015
ko:K16536	0.375285412338995
ko:K02898	0.375049980012729
ko:K13535	0.375046468390788
ko:K06210	0.3747283912919905
ko:K02976	0.37431904933105
ko:K04523	0.374231947237859
ko:K02975	0.373336275540157
ko:K05349	0.3728579325672578
ko:K00033	0.3720025704493326
ko:K03880	0.37080989140353
ko:K02128	0.37080989140353
ko:K01082	0.3707656624480972
ko:K07304	0.369066722188307
ko:K01079	0.368964557310365
ko:K12161	0.368650666284883
ko:K12608	0.368295542355435
ko:K01012	0.36794870286377
ko:K17775	0.3677742300763
ko:K15303	0.3676226385119815
ko:K02997	0.366967492506135
ko:K14811	0.365164263768106
ko:K00700	0.3650094261304755
ko:K13237	0.364999373624211
ko:K15451	0.364985945446855
ko:K00456	0.36460048777149
ko:K02964	0.364246480839502
ko:K08963	0.363967951362574
ko:K11684	0.363672281699842
ko:K00641	0.3620052459778127
ko:K12397	0.361996377089895
ko:K01514	0.36136075776062065
ko:K11594	0.3590907623706747
ko:K13939	0.359015881716237
ko:K13941	0.359015881716237
ko:K17095	0.358227190816982
ko:K09578	0.358137289500657
ko:K00079	0.35787605350168417
ko:K00252	0.357348022599743
ko:K15109	0.356080702517216
ko:K01626	0.3556286434082936
ko:K20791	0.355265902131743
ko:K02917	0.354399026626543
ko:K01739	0.354324489503203
ko:K02934	0.3541831321764755
ko:K00293	0.354100437921724
ko:K00817	0.353860755233647
ko:K00036	0.353474832611951
ko:K02969	0.353323569923988
ko:K20059	0.353151329091005
ko:K03657	0.353036137221622
ko:K00928	0.352475721360229
ko:K10295	0.352421621465958
ko:K00860	0.35223657295665245
ko:K01652	0.352105182523358
ko:K11244	0.35185048035309324
ko:K01598	0.351435130676256
ko:K01192	0.35128968974545277
ko:K11996	0.350351336158755
ko:K01433	0.350132260238484
ko:K02918	0.349073202815773
ko:K01784	0.348598458485459
ko:K17863	0.3473712909892847
ko:K17864	0.3473712909892847
ko:K11987	0.3473712909892847
ko:K20061	0.346776529066822
ko:K00164	0.346611579828104
ko:K02882	0.346199486623917
ko:K03124	0.346122280596733
ko:K12585	0.345949122543744
ko:K01094	0.345230883354386
ko:K07119	0.345181273854046
ko:K01188	0.3445315841283336
ko:K10427	0.344521301985694
ko:K01591	0.344086030852644
ko:K13421	0.344086030852644
ko:K03321	0.34395702674811
ko:K04565	0.3436684370885025
ko:K20316	0.343386804874365
ko:K01939	0.3424287066439148
ko:K00797	0.3414538235774315
ko:K02987	0.340846052716874
ko:K00764	0.340770599518149
ko:K16261	0.3402019715491171
ko:K15633	0.338581732881379
ko:K00615	0.337806682672293
ko:K00415	0.337441503419787
ko:K01251	0.336620303177321
ko:K07976	0.336534554854649
ko:K00799	0.3364893479019339
ko:K01824	0.335990329810819
ko:K02998	0.334189664835748
ko:K19029	0.333145108653705
ko:K08712	0.3327540264013476
ko:K02893	0.332169427554701
ko:K21804	0.331120834859931
ko:K04713	0.330451776036217
ko:K00601	0.329762706776709
ko:K08850	0.329269485749616
ko:K20520	0.328831965244057
ko:K00762	0.328321786182564
ko:K03943	0.32832151399954
ko:K06158	0.32820730151794736
ko:K02947	0.3277388791824855
ko:K14568	0.327501676311697
ko:K01057	0.327451956190637
ko:K12619	0.327436995054212
ko:K17417	0.326680170783198
ko:K14794	0.326507483043943
ko:K00652	0.32541660814492945
ko:K02885	0.324921613410259
ko:K15102	0.3241964253967055
ko:K14154	0.323588750455298
ko:K01254	0.323488544165218
ko:K01210	0.3233731321694837
ko:K02141	0.323297892195339
ko:K19525	0.323201190797261
ko:K00031	0.323188199345454
ko:K07734	0.322865639121992
ko:K01952	0.322446925843282
ko:K00111	0.322200659612272
ko:K20858	0.322093505313807
ko:K03163	0.321998791650887
ko:K17605	0.3216364419610124
ko:K07511	0.321164367219342
ko:K07112	0.321134664332563
ko:K00573	0.320875669208359
ko:K00898	0.320702740731797
ko:K03940	0.320091975294023
ko:K11262	0.318199348261878
ko:K02974	0.317385822052169
ko:K13525	0.316959392281391
ko:K00606	0.315556437861062
ko:K09829	0.315380099447346
ko:K22377	0.315241902844089
ko:K03146	0.315103736783684
ko:K15100	0.3141695562281554
ko:K08832	0.314027910519218
ko:K05759	0.313827549457721
ko:K01687	0.313187937974466
ko:K01720	0.313082016025558
ko:K02973	0.312746918991583
ko:K12878	0.31256370898811
ko:K00787	0.311784700729909
ko:K22255	0.311701515557626
ko:K08513	0.310228738235599
ko:K04487	0.308530466847879
ko:K03235	0.3075843578883913
ko:K03381	0.30706056342301
ko:K15040	0.306642742228759
ko:K00088	0.306268189936654
ko:K00420	0.306123039070529
ko:K07542	0.305865353438935
ko:K20069	0.30511179310958
ko:K03846	0.304482308295024
ko:K00872	0.30397563025021
ko:K20929	0.303809298558031
ko:K02980	0.303289824553944
ko:K17732	0.302960181185597
ko:K03781	0.3027142586166915
ko:K02144	0.302573758411502
ko:K00759	0.301943671338088
ko:K14338	0.30180013595547306
ko:K19798	0.301710335023149
ko:K19799	0.301710335023149
ko:K20168	0.300506793009286
ko:K00826	0.3001584085265806
ko:K06630	0.299278518976697
ko:K00294	0.29923289422273
ko:K08762	0.298942560865607
ko:K02137	0.298850674394412
ko:K18587	0.298799938026343
ko:K00133	0.298714776989924
ko:K17262	0.298492131007687
ko:K13199	0.298242888424522
ko:K00549	0.296972644520222
ko:K12158	0.296297454547491
ko:K18730	0.296061224839099
ko:K07088	0.295471174050859
ko:K03283	0.294745760184101
ko:K08851	0.294581956036499
ko:K17387	0.294144930581939
ko:K10402	0.294144930581939
ko:K16833	0.293443365783715
ko:K00413	0.29307457092636896
ko:K01518	0.292464097351974
ko:K01216	0.29245513292113
ko:K02325	0.291440408521313
ko:K02139	0.291406567891892
ko:K03955	0.290776459240741
ko:K14262	0.289952513771751
ko:K02265	0.289726291898607
ko:K00065	0.287930313730278
ko:K03426	0.286940847607152
ko:K17278	0.286704497383398
ko:K11592	0.28650989071725
ko:K00003	0.285635130850059
ko:K10356	0.2854918433061475
ko:K04460	0.285382985353448
ko:K10807	0.284428344191589
ko:K22132	0.284358200809999
ko:K11187	0.283774124828774
ko:K14012	0.283410107472182
ko:K17784	0.282818852895343
ko:K01958	0.282403965076877
ko:K00559	0.281805674522157
ko:K15394	0.2808938944104159
ko:K01836	0.280587156825131
ko:K02540	0.280508193063027
ko:K10632	0.280306293948425
ko:K03264	0.280108606332357
ko:K02971	0.280011236936168
ko:K01507	0.27987590348773
ko:K04712	0.279664365896292
ko:K00020	0.2794667844169072
ko:K20221	0.278586192851599
ko:K10591	0.277935574229271
ko:K03941	0.277685899825274
ko:K14539	0.277358813623647
ko:K00015	0.277311485581468
ko:K03937	0.276193201431127
ko:K03006	0.274877283285523
ko:K18549	0.274868877670051
ko:K17302	0.274751401207582
ko:K14572	0.274322572515103
ko:K02212	0.274027600658808
ko:K11593	0.27207683264935983
ko:K02896	0.2713039587300305
ko:K11446	0.271248749112551
ko:K07195	0.270313113064125
ko:K16342	0.270313113064125
ko:K09567	0.270041852624752
ko:K01876	0.2694080630553513
ko:K09117	0.269333574910096
ko:K15287	0.268511229184543
ko:K07252	0.267046265404524
ko:K03782	0.266675324355523
ko:K13179	0.266557778613808
ko:K14663	0.2659528654653
ko:K01067	0.265514725798874
ko:K07936	0.264446471685815
ko:K11808	0.263544734923665
ko:K08286	0.26234122301267154
ko:K11547	0.262058996039097
ko:K00850	0.262058996039097
ko:K11713	0.262017689128886
ko:K14688	0.261665182012469
ko:K02132	0.261151268049356
ko:K10753	0.260989253751397
ko:K07466	0.260915851348748
ko:K20369	0.260349734150536
ko:K15710	0.260031978828157
ko:K00873	0.259892449808112
ko:K06943	0.259613660831494
ko:K03942	0.258886490773455
ko:K14792	0.258668579553362
ko:K00262	0.258660730958952
ko:K02937	0.258622006231674
ko:K19366	0.257746454557371
ko:K00859	0.256807954181282
ko:K02143	0.256499355455553
ko:K22139	0.256429028747086
ko:K14855	0.256016875186937
ko:K00143	0.255713186035882
ko:K10251	0.2554844170361983
ko:K01892	0.255084339037497
ko:K08176	0.255020398557297
ko:K01069	0.254345743648182
ko:K17261	0.252358226768398
ko:K18738	0.252356325347433
ko:K19327	0.250654524489478
ko:K11885	0.249641571202616
ko:K01148	0.24920751978172
ko:K01758	0.249070583416868
ko:K14788	0.248922147559581
ko:K16369	0.248810868801214
ko:K08065	0.248810329649515
ko:K14573	0.248744229959946
ko:K07755	0.248189877656021
ko:K01007	0.247641001146064
ko:K00287	0.246874279312108
ko:K00505	0.2461859590594079
ko:K21850	0.2460560239629803
ko:K19786	0.244677173088564
ko:K15918	0.244656417175283
ko:K00851	0.243438242656818
ko:K12599	0.243349290623461
ko:K01785	0.2433046498013736
ko:K17679	0.2430574547728944
ko:K00344	0.24302908074726884
ko:K03959	0.242700324685655
ko:K01101	0.242617630645183
ko:K02685	0.242617630645183
ko:K12609	0.242220395243313
ko:K18693	0.2419817528853861
ko:K07390	0.241758413329709
ko:K10843	0.241484984594104
ko:K01194	0.24143237094381753
ko:K03119	0.241139597329212
ko:K19245	0.241139597329212
ko:K02209	0.240646197093894
ko:K07300	0.24031094013186474
ko:K03938	0.238470437462545
ko:K18158	0.23819196792156525
ko:K17738	0.238023820453794
ko:K00944	0.237832137328794
ko:K20523	0.237743495788573
ko:K11204	0.236751730724818
ko:K00416	0.236072091402228
ko:K12624	0.236031096067688
ko:K11541	0.235717932693993
ko:K01954	0.235717932693993
ko:K05290	0.235621251127637
ko:K09584	0.23520006569366225
ko:K08064	0.23510739934968
ko:K22386	0.234682762978793
ko:K07241	0.23346940368444
ko:K06072	0.233383439252007
ko:K12160	0.231989927302424
ko:K10256	0.231821462150347
ko:K13953	0.23175627750121125
ko:K00789	0.2316706960870397
ko:K02125	0.231596680837988
ko:K01759	0.231402516784846
ko:K11883	0.229256368763812
ko:K19950	0.229050494439336
ko:K00418	0.228999334048338
ko:K12830	0.228695251934664
ko:K08711	0.2285445465884284
ko:K15192	0.228223200862706
ko:K00021	0.228222405198996
ko:K07375	0.228213579010301
ko:K07824	0.228156861331659
ko:K10706	0.227836873595282
ko:K03685	0.22773444639394774
ko:K03845	0.227572211668448
ko:K15201	0.227204201308005
ko:K01455	0.227184279079442
ko:K01792	0.226973780949402
ko:K00949	0.22672990514747773
ko:K10739	0.226091712881663
ko:K00474	0.225316839970384
ko:K03247	0.224597849399492
ko:K02135	0.224520712764856
ko:K11836	0.22441442971762002
ko:K11279	0.224036918967112
ko:K22381	0.222929873425531
ko:K11229	0.222595559962557
ko:K01113	0.222137943018512
ko:K13076	0.221571462159295
ko:K09579	0.221452661755475
ko:K13099	0.221369219987072
ko:K05287	0.22124032521209455
ko:K08675	0.220675418499586
ko:K10625	0.220268767919629
ko:K14808	0.21978950610912
ko:K03265	0.218868407722813
ko:K17450	0.2169702128905667
ko:K01409	0.216823553879071
ko:K17648	0.21625070239268998
ko:K21456	0.216189154586609
ko:K02133	0.2161793483607
ko:K12604	0.215772493142401
ko:K16302	0.215619473560799
ko:K10841	0.215439755342356
ko:K01027	0.215333652231431
ko:K10771	0.215292467534662
ko:K03253	0.214935593148975
ko:K00122	0.214878712358021
ko:K02134	0.213990126611054
ko:K19584	0.213916641103069
ko:K03120	0.213023471752548
ko:K15289	0.211194533976188
ko:K04618	0.210906396150511
ko:K03252	0.21058738352974
ko:K07238	0.21055183623356
ko:K03626	0.210298099161551
ko:K02138	0.210298099161551
ko:K20120	0.209881331627176
ko:K18532	0.209507172543857
ko:K03849	0.20929902626919664
ko:K08744	0.209241193904389
ko:K11339	0.209198773071607
ko:K06668	0.208324980267457
ko:K02515	0.208324980267457
ko:K18680	0.208324980267457
ko:K18679	0.208324980267457
ko:K15296	0.207841083956933
ko:K01733	0.207826164370605
ko:K20195	0.206630202924581
ko:K18183	0.206496676764651
ko:K09548	0.205410679368302
ko:K20222	0.205340024118972
ko:K18328	0.205270932433589
ko:K14532	0.204548600372917
ko:K00067	0.204419519112943
ko:K20224	0.204414896411583
ko:K02140	0.202990960506845
ko:K03939	0.202872176099091
ko:K01648	0.2024841283254265
ko:K01725	0.202171389552449
ko:K00621	0.202068925040308
ko:K14169	0.201985600370375
ko:K10998	0.201691783748859
ko:K19783	0.201550071848953
ko:K00915	0.201481117977135
ko:K15428	0.201050362756582
ko:K11790	0.201013608903836
ko:K08141	0.20078826485135678
ko:K14191	0.200708485475103
ko:K14454	0.200537666162777
ko:K03564	0.199574900688281
ko:K01183	0.19937290063329488
ko:K01098	0.199286563832305
ko:K11557	0.199090722055721
ko:K00852	0.199004489471105
ko:K00045	0.198926305673193
ko:K01070	0.198776436014914
ko:K03965	0.198147106740593
ko:K18802	0.19750861725146165
ko:K11971	0.196843174940613
ko:K01253	0.1963900667643772
ko:K11251	0.1960547507048055
ko:K02910	0.195999858771736
ko:K03242	0.195941138401951
ko:K05692	0.195831827799227
ko:K03249	0.195818461435945
ko:K08257	0.19573814436020148
ko:K03953	0.195477292435572
ko:K04705	0.195181410065948
ko:K02516	0.194511623475919
ko:K01749	0.19443744867587
ko:K11788	0.1944116433039495
ko:K15029	0.194245323067212
ko:K03505	0.194221701765758
ko:K17103	0.193333833151
ko:K02201	0.192247602981311
ko:K11375	0.191930559701546
ko:K10580	0.191357609556862
ko:K15163	0.19134665585676
ko:K20298	0.191185074304606
ko:K10610	0.190907646220545
ko:K03260	0.190806475334174
ko:K00102	0.1904954765065525
ko:K11294	0.189750542663851
ko:K15083	0.189471872335376
ko:K19634	0.189070134898429
ko:K22068	0.188909438415529
ko:K03002	0.188769952301774
ko:K17871	0.188685754590381
ko:K03549	0.1881042745531462
ko:K01452	0.18807235206473114
ko:K14950	0.187705096037889
ko:K17777	0.187270893691334
ko:K20247	0.18695566486127
ko:K01763	0.18695566486127
ko:K08737	0.186786139181636
ko:K04728	0.186332054326808
ko:K03018	0.185848679766396
ko:K03521	0.185825538637358
ko:K14772	0.185563546245151
ko:K15030	0.183989348145985
ko:K14791	0.183069328306094
ko:K00419	0.183004931422354
ko:K20238	0.182794118959216
ko:K14799	0.18276486137701
ko:K15322	0.182680928034884
ko:K17822	0.182440662594048
ko:K19690	0.182294276129211
ko:K02350	0.182064666405961
ko:K14326	0.181164375390044
ko:K06176	0.18114138366988
ko:K19791	0.180175032025407
ko:K21798	0.180089709880902
ko:K01301	0.1796438134037926
ko:K00147	0.179604866351326
ko:K01679	0.179347009939764
ko:K15161	0.17846671399647
ko:K04082	0.178274129749997
ko:K03949	0.178146461316207
ko:K12343	0.177916586163397
ko:K10436	0.177869815535795
ko:K17615	0.177757520134336
ko:K11419	0.17760291646586301
ko:K11374	0.176607271525097
ko:K01549	0.176537069734236
ko:K21991	0.17615795061305
ko:K08157	0.17562920805996154
ko:K20409	0.175031136824501
ko:K00698	0.17500797092521342
ko:K08178	0.174743349618274
ko:K09490	0.174600294860083
ko:K11397	0.17437890372096
ko:K03177	0.1741987546921075
ko:K02320	0.173932699651793
ko:K14708	0.17287645047272468
ko:K14828	0.172510288967287
ko:K05389	0.172504407646624
ko:K05294	0.17231049655566
ko:K10531	0.17230280184321364
ko:K17686	0.172199234468715
ko:K01279	0.17193860898528202
ko:K14550	0.171937454638242
ko:K11430	0.171603489899161
ko:K12562	0.171529256994022
ko:K14803	0.171522372961268
ko:K15025	0.171490506847894
ko:K19788	0.171187545279406
ko:K16365	0.171058594201153
ko:K08516	0.170671316049015
ko:K17820	0.170590761431113
ko:K14781	0.170590761431113
ko:K03232	0.170509353143951
ko:K21421	0.17015008063945
ko:K01953	0.169806603155406
ko:K04393	0.169603382577731
ko:K14552	0.169168972409715
ko:K08735	0.169014679272664
ko:K03950	0.168505725594585
ko:K03024	0.166903755478425
ko:K03316	0.166675326388776
ko:K03113	0.16654980078469
ko:K03935	0.166335107442561
ko:K17606	0.166042064913327
ko:K13354	0.165898786378647
ko:K09549	0.165842492056429
ko:K13201	0.164809303016626
ko:K17803	0.164792234467529
ko:K03964	0.164741045713911
ko:K02927	0.1644711551014705
ko:K01273	0.164243931697132
ko:K14569	0.164050489465943
ko:K09569	0.163785148336964
ko:K09577	0.163785148336964
ko:K13239	0.163777902264083
ko:K12812	0.163488702786575
ko:K08967	0.16287615122727
ko:K15463	0.162829096427347
ko:K07756	0.162483844454752
ko:K01597	0.16223601542089772
ko:K22074	0.162047821607174
ko:K13511	0.161984695988307
ko:K03038	0.161702396016935
ko:K03010	0.161222046159588
ko:K09401	0.161114438408586
ko:K09413	0.161114438408586
ko:K09396	0.161114438408586
ko:K09403	0.161114438408586
ko:K02147	0.16082971633673
ko:K12584	0.160805208138674
ko:K00844	0.16056146906831698
ko:K20474	0.159378339990416
ko:K00387	0.158621942628296
ko:K08734	0.158201586253274
ko:K03254	0.157518206562131
ko:K05302	0.157513804854081
ko:K02136	0.157354479955918
ko:K01619	0.156790722932619
ko:K05824	0.156716171471287
ko:K13366	0.156530844546622
ko:K11450	0.156530844546622
ko:K01895	0.156395506822741
ko:K17669	0.156247665465905
ko:K17759	0.15606443080542
ko:K16944	0.15598770738005
ko:K20724	0.15598770738005
ko:K11089	0.15598770738005
ko:K12581	0.155962885143175
ko:K21989	0.15586052778814638
ko:K01887	0.155540960192099
ko:K14790	0.15539502596122498
ko:K15028	0.155029446279417
ko:K07889	0.15472172924881136
ko:K01092	0.154639605608693
ko:K19219	0.154033243447433
ko:K01110	0.153978031235052
ko:K06680	0.153955150395648
ko:K02178	0.153955150395648
ko:K15334	0.153894861182379
ko:K02210	0.153490157244193
ko:K14782	0.153149361149455
ko:K00062	0.152340178977063
ko:K02879	0.151428432974535
ko:K06944	0.1507911674425214
ko:K07297	0.15056261377119898
ko:K03106	0.150502815274961
ko:K12846	0.150396998900267
ko:K03023	0.150191099098765
ko:K02208	0.14952823828104
ko:K14840	0.14942945211655
ko:K10808	0.149367996818568
ko:K07140	0.149166829917594
ko:K13950	0.147634632498917
ko:K11718	0.147618362127329
ko:K14567	0.1473880424476
ko:K10768	0.147319048282577
ko:K11090	0.146834510963681
ko:K04409	0.146592503434506
ko:K21848	0.14561400435040847
ko:K06875	0.1454093683484
ko:K11274	0.145176572987526
ko:K17053	0.144929814284848
ko:K03256	0.144073742765581
ko:K01519	0.144009451009606
ko:K03005	0.14348426014126
ko:K11272	0.143159948091968
ko:K01807	0.142775604194495
ko:K18655	0.142751971683333
ko:K01883	0.14178640026687
ko:K08158	0.14112583932724798
ko:K14521	0.140797832213447
ko:K01046	0.14049081589293066
ko:K02179	0.140283975787544
ko:K14839	0.140209359184111
ko:K14537	0.139937286752426
ko:K02999	0.139859846229618
ko:K05236	0.139374917590721
ko:K03946	0.139179802093323
ko:K11548	0.138582230785294
ko:K01899	0.13832481362493115
ko:K14556	0.138034882460513
ko:K03007	0.137911452723539
ko:K14549	0.137850372024984
ko:K11131	0.137115796211984
ko:K02951	0.1368392424945855
ko:K14806	0.13668516134931
ko:K17663	0.136377066134789
ko:K01875	0.13626066403950454
ko:K01613	0.13576970691516363
ko:K14837	0.135706214987895
ko:K00511	0.13537067899758232
ko:K14564	0.134953009472684
ko:K14548	0.134908139837878
ko:K03236	0.134242693698277
ko:K00921	0.134107629704165
ko:K20098	0.133997512881151
ko:K13507	0.13347717148794122
ko:K01515	0.13329254921828007
ko:K03065	0.133248494702084
ko:K09780	0.132640123005769
ko:K10395	0.132489288765949
ko:K11304	0.132258528691175
ko:K11801	0.131584796042603
ko:K03114	0.131505600409579
ko:K03021	0.131408008846963
ko:K03190	0.131283038356267
ko:K14864	0.13126627957051945
ko:K13124	0.13082101990865
ko:K14553	0.130433764134181
ko:K00765	0.129812523077349
ko:K18798	0.1297507012092428
ko:K07374	0.12974099427561644
ko:K18470	0.129603662352843
ko:K11364	0.12953104868559
ko:K03267	0.129405909861083
ko:K14765	0.129306639997384
ko:K03258	0.129168053289155
ko:K00654	0.1291030508499315
ko:K01886	0.129075571418109
ko:K15202	0.128515850597975
ko:K03522	0.128482952273932
ko:K09527	0.128068701124716
ko:K00384	0.127925064498441
ko:K14684	0.12752462995570216
ko:K00772	0.127197476026991
ko:K05760	0.126855757636341
ko:K14650	0.1267646134372135
ko:K10661	0.126600185668044
ko:K08288	0.126580289297402
ko:K14617	0.126394674076529
ko:K11155	0.126363751578649
ko:K15430	0.126347140821425
ko:K00967	0.126163467957107
ko:K12845	0.126118806606229
ko:K01536	0.12565666949068113
ko:K00297	0.12559633073140808
ko:K17971	0.125472160391059
ko:K05740	0.125472160391059
ko:K11238	0.125472160391059
ko:K14264	0.125153113337859
ko:K19355	0.124897933973832
ko:K14766	0.124572804373651
ko:K14838	0.124516573274167
ko:K02541	0.1245053430227499
ko:K02127	0.1239771506595
ko:K07203	0.123934783985075
ko:K12872	0.123794861817223
ko:K01341	0.123596974542036
ko:K12349	0.123433322374845
ko:K15075	0.123398063792741
ko:K01870	0.12335645845039452
ko:K13205	0.122913081114982
ko:K17800	0.122715240947779
ko:K20967	0.122708684842053
ko:K03639	0.122708684842053
ko:K11303	0.122283990380568
ko:K18667	0.122139624288791
ko:K11838	0.122061699397735
ko:K12613	0.12183092434303
ko:K11377	0.121561950810619
ko:K00948	0.1209715360921356
ko:K15015	0.120962981493631
ko:K07953	0.120747485293958
ko:K06111	0.120010569173281
ko:K01649	0.119833285543752
ko:K14848	0.119748080940819
ko:K07837	0.119020396655161
ko:K04353	0.119020396655161
ko:K07836	0.119020396655161
ko:K18664	0.118424949614915
ko:K14843	0.118299632061255
ko:K10958	0.117956491639851
ko:K10880	0.117956491639851
ko:K02183	0.117686628884549
ko:K01440	0.117256779893578
ko:K11824	0.117225312885161
ko:K15378	0.1171723286693731
ko:K20042	0.117046099805116
ko:K13501	0.116438801150882
ko:K01656	0.116438801150882
ko:K06911	0.1164352390280172
ko:K07179	0.116280121482859
ko:K12200	0.116273913409507
ko:K12620	0.116169493878692
ko:K20223	0.115594237739674
ko:K00428	0.1154697786056525
ko:K04513	0.114375748676636
ko:K01240	0.11401703052686
ko:K15205	0.113864688205864
ko:K14709	0.11381235745458751
ko:K00938	0.11381074325081
ko:K05292	0.113712415311169
ko:K19932	0.113668070478684
ko:K03246	0.112897799956941
ko:K03238	0.112337843768178
ko:K07955	0.11227462830274
ko:K10997	0.112215742448946
ko:K04499	0.111924454482012
ko:K14830	0.111630125985344
ko:K03248	0.111389679782548
ko:K00767	0.111086099284807
ko:K21141	0.11059143829669
ko:K00218	0.110305670621306
ko:K22073	0.10999738107125515
ko:K17978	0.109979359292865
ko:K18164	0.109778255100604
ko:K14854	0.109394281839359
ko:K11843	0.109329438478529
ko:K01694	0.10921231769425
ko:K14857	0.109126552957996
ko:K03511	0.108573903048376
ko:K14676	0.108096517376465
ko:K12373	0.10693060637177947
ko:K20183	0.10628142039951
ko:K08964	0.106106284328657
ko:K18168	0.105403245998536
ko:K20465	0.10481261052400691
ko:K14563	0.104545307280931
ko:K09658	0.103937635132508
ko:K12598	0.103875451751357
ko:K14776	0.103713607540795
ko:K11352	0.10369645608215
ko:K18160	0.10369645608215
ko:K01655	0.103513034082257
ko:K14833	0.103488604998673
ko:K01663	0.103431502587559
ko:K18477	0.1029955117067298
ko:K14544	0.102960612072904
ko:K13303	0.101527720662097
ko:K14834	0.101225036404619
ko:K14571	0.100764135231127
ko:K03327	0.10070053912407433
ko:K03019	0.100497939311018
ko:K00658	0.100457207868257
ko:K02619	0.10031659458745
ko:K14824	0.100273416938994
ko:K10842	0.100241640728544
ko:K07178	0.100154917907844
ko:K19998	0.100018584659216
ko:K02260	0.099961808571593
ko:K14823	0.0993706774833055
ko:K22140	0.0991420660913898
ko:K14565	0.0991031254569015
ko:K19782	0.0989812217480754
ko:K00858	0.09862316851399
ko:K14292	0.0983309994029505
ko:K20295	0.0978760563829409
ko:K09522	0.0976614210247426
ko:K03439	0.0971899624530093
ko:K10745	0.0965856946395266
ko:K00555	0.0964915170041988
ko:K14832	0.096456024725576
ko:K14798	0.09628084097116195
ko:K01738	0.0960801765842759
ko:K10755	0.0959569408988041
ko:K19708	0.0955593790402155
ko:K00794	0.0952603621498815
ko:K03245	0.0952550973335207
ko:K17275	0.0951673096208739
ko:K14654	0.0949878143976378
ko:K05543	0.0949622915826484
ko:K04392	0.09493322947282065
ko:K18106	0.0947311403096704
ko:K01238	0.0946811818191201
ko:K00130	0.0942897244687843
ko:K14780	0.0942052380103369
ko:K08282	0.09411920614184562
ko:K12819	0.0938760499849968
ko:K01509	0.09355095283876778
ko:K14861	0.0933282111660847
ko:K00939	0.0932372910519982
ko:K04482	0.093024315505765
ko:K04554	0.0924078301709719
ko:K03251	0.09224691430480206
ko:K19308	0.0913892303982639
ko:K02537	0.09124187452377244
ko:K13095	0.09109273735517776
ko:K00231	0.09043551772585194
ko:K18703	0.09016811064420954
ko:K21996	0.0901500759011661
ko:K03593	0.0900067626120115
ko:K04563	0.08980084693494246
ko:K12586	0.0893795025759996
ko:K04070	0.089373044892305
ko:K15414	0.0893327648092597
ko:K14319	0.0890352037429252
ko:K00166	0.0888864069019112
ko:K01557	0.088530467899492
ko:K11341	0.0884179434859291
ko:K18177	0.088415431333544
ko:K11128	0.0884153436996809
ko:K01823	0.0883453613239882
ko:K15323	0.088278696015882
ko:K12814	0.0875157181905588
ko:K12813	0.0875157181905588
ko:K00587	0.0874887154038828
ko:K11373	0.0873599406434486
ko:K01011	0.0872099004267536
ko:K02324	0.087103028799382
ko:K14558	0.0866951149069081
ko:K04345	0.08663732031773844
ko:K16803	0.0866145852432532
ko:K03107	0.0864307208293335
ko:K01593	0.0863576241432155
ko:K03680	0.0858690528942006
ko:K09191	0.0856502311187818
ko:K21842	0.085516165113044
ko:K10849	0.0850944213627526
ko:K15111	0.08488169148769441
ko:K01719	0.0847310726902384
ko:K14213	0.08458851921295467
ko:K10403	0.0845485561862495
ko:K07243	0.083934768855662
ko:K14786	0.0838132943197845
ko:K14538	0.0832838016481075
ko:K05658	0.08303822318685171
ko:K12818	0.08292278196969571
ko:K10873	0.082684510518589
ko:K14847	0.0824937361961683
ko:K17550	0.0821531295629729
ko:K01951	0.0820851116770316
ko:K01858	0.0820368329490688
ko:K17427	0.0820106044100076
ko:K00059	0.08195171061080717
ko:K11344	0.08170017273615121
ko:K02564	0.0811916623541648
ko:K12815	0.0811804956802917
ko:K13025	0.0811604383712781
ko:K10413	0.0809854832470847
ko:K10357	0.0807825337587047
ko:K20407	0.0803681315519795
ko:K14137	0.08030678131564327
ko:K14844	0.0799004866122124
ko:K20182	0.0792843014075346
ko:K00793	0.0792807022052232
ko:K14758	0.0789952216519698
ko:K20896	0.07850689891689851
ko:K17868	0.0784657002562254
ko:K07442	0.0784266769451916
ko:K08955	0.0781502219685814
ko:K01381	0.0781462386900355
ko:K12733	0.0781021841298861
ko:K11275	0.077949154036831
ko:K01869	0.07770659252763813
ko:K12617	0.0775854358658822
ko:K11372	0.0775150429055405
ko:K10747	0.07746153474583688
ko:K22138	0.0766779665020855
ko:K11205	0.0765667931756898
ko:K09458	0.076212140165396
ko:K13102	0.076078681520228
ko:K01282	0.07595965180270997
ko:K18757	0.0757125735069299
ko:K18748	0.0756383601525008
ko:K15452	0.0754371067913382
ko:K06173	0.0754371067913382
ko:K00854	0.0751824609418543
ko:K20306	0.0747196913362166
ko:K01880	0.074642374249322
ko:K00295	0.0745771077926709
ko:K18188	0.0745728278245717
ko:K14805	0.0745250037884
ko:K13348	0.07449884190721197
ko:K13115	0.0743325120778067
ko:K01814	0.0741701590608376
ko:K03098	0.073726863444709
ko:K18423	0.0734988700155305
ko:K00326	0.0734461429596525
ko:K20311	0.07330544380438796
ko:K13728	0.0728414118883689
ko:K10908	0.0727609657303481
ko:K01262	0.07219244774966484
ko:K14783	0.0720107536354888
ko:K14775	0.0720107536354888
ko:K01915	0.0719608910829325
ko:K06867	0.0719403882751711
ko:K16571	0.0717631995256242
ko:K09272	0.0713727983458705
ko:K06678	0.0710996943735334
ko:K14399	0.07080064187465235
ko:K10419	0.0707626355567826
ko:K14835	0.0705369012217905
ko:K11113	0.0704534403848198
ko:K19323	0.0704467551633746
ko:K03020	0.0699434892503311
ko:K17782	0.0697026305478179
ko:K06688	0.069674055731546
ko:K01483	0.06931358055241947
ko:K03348	0.0688553390880712
ko:K03635	0.0686843735973315
ko:K14789	0.0686843735973315
ko:K14860	0.0686511938338546
ko:K03259	0.0685787661941266
ko:K01581	0.0684959636686879
ko:K19718	0.0684003754929354
ko:K01930	0.0683895415057352
ko:K00861	0.0679028470053851
ko:K21845	0.0678341004931244
ko:K12874	0.067662656004243
ko:K22193	0.067268425062361
ko:K05767	0.06676233842433367
ko:K18637	0.0665665061398311
ko:K11884	0.0665235467618971
ko:K14787	0.0662901945503706
ko:K15458	0.0662594921009368
ko:K15457	0.0662594921009368
ko:K15501	0.0662594921009368
ko:K01115	0.06614497670917291
ko:K09580	0.0660138587959132
ko:K20361	0.0656527507207944
ko:K11436	0.0656527507207944
ko:K10352	0.06539118685040375
ko:K13509	0.0652108828218878
ko:K12811	0.0647938255876581
ko:K17279	0.0645182963777155
ko:K03349	0.0642465901930341
ko:K19829	0.0641821420182772
ko:K03033	0.0641221781826727
ko:K22119	0.0637420576546129
ko:K11253	0.06356252436384899
ko:K17338	0.0634944818566786
ko:K00589	0.0634564239789155
ko:K19845	0.063433296239982
ko:K15448	0.063298298045134
ko:K17788	0.0632825343627882
ko:K12856	0.0629229840545776
ko:K20827	0.0629088650553128
ko:K17301	0.0620747557206587
ko:K15462	0.061913146923984
ko:K00106	0.0618244709786431
ko:K01852	0.0611667955590332
ko:K10253	0.0599206753852171
ko:K13181	0.0592037096296207
ko:K04536	0.0589992162609642
ko:K14152	0.0589407898485103
ko:K00888	0.0588882312007387
ko:K11795	0.058773403940681
ko:K14767	0.0585595690580227
ko:K14566	0.0584620971924703
ko:K01736	0.0583713559684011
ko:K17255	0.0580042432427626
ko:K20184	0.0578504371777438
ko:K13106	0.057849233702138
ko:K03008	0.0574899463871172
ko:K00452	0.0571750236194258
ko:K00968	0.0569921056294328
ko:K14842	0.0566178877134333
ko:K02542	0.0564056083843202
ko:K13355	0.0553908717010374
ko:K10258	0.055241141240678
ko:K06883	0.05500338884973945
ko:K11696	0.0550019556376508
ko:K08518	0.0546902232129349
ko:K13989	0.054631758511390856
ko:K15285	0.0544274755784503
ko:K18179	0.0543556235396013
ko:K05681	0.05422275498177
ko:K03250	0.0541388778388704
ko:K03848	0.0534685553326146
ko:K20131	0.0533964063555566
ko:K12946	0.05335149627013
ko:K15544	0.053351128082967
ko:K12881	0.0529315257220172
ko:K03027	0.0526834963505824
ko:K12618	0.0525406400426255
ko:K10592	0.0524004444734046
ko:K03237	0.0523398814920318
ko:K03013	0.0522564241854041
ko:K10839	0.0522267843655271
ko:K15361	0.0521512884667987
ko:K03239	0.0519584598976572
ko:K08294	0.0518273900202328
ko:K20872	0.0517055591834125
ko:K12391	0.0516735431286036
ko:K07975	0.05147523750578994
ko:K07305	0.0513967397158754
ko:K00211	0.0511997710616029
ko:K15532	0.05101567233203402
ko:K12854	0.0508811745700196
ko:K02214	0.0505351016145275
ko:K14801	0.0503033501934747
ko:K11390	0.0501514302816993
ko:K01551	0.0499542763946586
ko:K03768	0.0498420287595959
ko:K03770	0.0498420287595959
ko:K06676	0.0498004610628121
ko:K19787	0.0497633552174994
ko:K06674	0.0496694166309224
ko:K16946	0.0496639167262018
ko:K16945	0.0496639167262018
ko:K02146	0.0492456486394352
ko:K14310	0.0491585696431011
ko:K15136	0.0491162249673004
ko:K11226	0.0490028046240156
ko:K15563	0.0489882938310811
ko:K21452	0.048704667593513
ko:K17922	0.04855061760050984
ko:K12820	0.0485182350814726
ko:K06628	0.0478279899586027
ko:K15445	0.04710952714984845
ko:K03360	0.046579970783469
ko:K11121	0.046521103147793494
ko:K15561	0.0462887769302151
ko:K00052	0.0460633668897109
ko:K19770	0.0457524176805782
ko:K01372	0.0457352631460526
ko:K17786	0.045560303256723
ko:K17945	0.0450495284213535
ko:K06890	0.0450112306528812
ko:K00981	0.0444161309433079
ko:K11772	0.0441947706458472
ko:K11649	0.0441947706458472
ko:K03513	0.0439283629972862
ko:K04371	0.0438417866437902
ko:K10405	0.0435101899819271
ko:K10524	0.0433009546382245
ko:K15110	0.0431859304414416
ko:K15105	0.0431041950510069
ko:K01001	0.0428345097474655
ko:K01495	0.0426475878641868
ko:K20471	0.042250350812053
ko:K00868	0.0422477868523714
ko:K01293	0.0421253270632412
ko:K17497	0.0419059775791379
ko:K00167	0.0414932355423437
ko:K07561	0.0413123258117675
ko:K14768	0.041209034700057
ko:K14771	0.0411672529019566
ko:K03936	0.041026659759175
ko:K09564	0.0409589956468857
ko:K01907	0.040767674206413904
ko:K09008	0.0407519766077111
ko:K07432	0.0406716510457378
ko:K02327	0.0400794942358665
ko:K19860	0.0398236920045397
ko:K02427	0.039759016902324
ko:K17787	0.0397111434860571
ko:K06684	0.0394287601838497
ko:K06686	0.0394287601838497
ko:K19730	0.0390219329425292
ko:K14815	0.0387371893533863
ko:K12839	0.0386306023454904
ko:K19765	0.0385464101921692
ko:K14561	0.0375640750720485
ko:K20353	0.0374451401351156
ko:K14545	0.0373797999929637
ko:K19030	0.0373738998413864
ko:K20405	0.037304999889119
ko:K15902	0.0370382532015286
ko:K22285	0.0368185668075885
ko:K11130	0.0362446479605584
ko:K17440	0.0360656306633867
ko:K03189	0.0358322724463123
ko:K10589	0.0358303721677659
ko:K00869	0.0357936790013565
ko:K07277	0.0355539671103359
ko:K00029	0.0355263222350438
ko:K11434	0.0353135561155658
ko:K00849	0.0351193426479421
ko:K13726	0.0348398133829688
ko:K01405	0.0348398133829688
ko:K09250	0.0347130641162901
ko:K01754	0.03434914006036699
ko:K09500	0.0341491997284453
ko:K01078	0.03353184158242356
ko:K12615	0.03349318570081167
ko:K14674	0.033416213904625
ko:K07901	0.0332855202914585
ko:K01267	0.0331691695530443
ko:K00974	0.0329392851893994
ko:K01426	0.03290551582333725
ko:K01477	0.0326026214912927
ko:K20347	0.0325281116848596
ko:K13577	0.0322911764104603
ko:K16186	0.0320925196172803
ko:K13291	0.032026993427861
ko:K10301	0.0320235486896244
ko:K15147	0.0317292446876388
ko:K03861	0.0317111318438235
ko:K15541	0.0315246098398669
ko:K19842	0.031258091788656704
ko:K13617	0.0312295949118194
ko:K03097	0.0311030404302753
ko:K04486	0.0308566374922022
ko:K03681	0.0300029308037999
ko:K10590	0.0299517879289047
ko:K02220	0.029613556472668372
ko:K12261	0.0292413984017098
ko:K13342	0.0292413984017098
ko:K00008	0.029223040872431508
ko:K18786	0.0285250850384293
ko:K11086	0.028453504517623
ko:K03361	0.028420045432130503
ko:K11254	0.028362621275921363
ko:K02922	0.028157221182470993
ko:K12827	0.0280468545117285
ko:K17678	0.0279129736733775
ko:K09419	0.027772481033795
ko:K01525	0.0275865782013499
ko:K19619	0.026897993037460995
ko:K03032	0.0268573750746474
ko:K04382	0.0268563573627024
ko:K11786	0.0267421757189507
ko:K13104	0.0267091795401119
ko:K10847	0.0265823706422958
ko:K00161	0.0264889137505276
ko:K14850	0.0264837763917824
ko:K15443	0.026279055228862
ko:K12836	0.0261187316046617
ko:K03017	0.0259637829553109
ko:K01077	0.0255074383539282
ko:K00254	0.02548406858966
ko:K03456	0.0253794569470496
ko:K09506	0.0252705764883582
ko:K00600	0.025217725246795004
ko:K13447	0.0244681184467706
ko:K13411	0.0244681184467706
ko:K03243	0.0241067031617934
ko:K02871	0.0236599921322055
ko:K22384	0.02357070326277865
ko:K06215	0.0233832912868338
ko:K00006	0.02316644978247085
ko:K02952	0.0229866131559529
ko:K07897	0.022359175017713
ko:K17785	0.022171550831865453
ko:K14822	0.0221599898785203
ko:K06030	0.022077370756386494
ko:K21618	0.022073035449892003
ko:K14802	0.0219837207941871
ko:K07575	0.0214979257635948
ko:K11092	0.0213698453923646
ko:K12873	0.0212500339416891
ko:K20792	0.021213720409498
ko:K00232	0.021060288240817338
ko:K11353	0.0210032249185815
ko:K14807	0.0209567869358929
ko:K11134	0.0206715032305769
ko:K01802	0.020618177521526327
ko:K04716	0.0205887767610403
ko:K04717	0.0205887767610403
ko:K09831	0.0205325760392424
ko:K01693	0.0204775502023566
ko:K07861	0.0202630763679103
ko:K06681	0.0202051457611441
ko:K03142	0.02015220690837649
ko:K01728	0.0196969104412466
ko:K07435	0.0196969104412466
ko:K00801	0.0194397549491053
ko:K12199	0.0189314392220065
ko:K14831	0.0187736754854687
ko:K12396	0.0185838965128037
ko:K18162	0.0181990477226986
ko:K03305	0.01805428074654715
ko:K19177	0.017879831133882
ko:K20309	0.0176450739086334
ko:K01705	0.017584442281586496
ko:K03063	0.0174967843517782
ko:K10875	0.01744411528844037
ko:K17607	0.0173664581069292
ko:K03126	0.017165085641124234
ko:K13800	0.0169513962968642
ko:K16066	0.0169506777009267
ko:K15114	0.0165943213814513
ko:K13352	0.0165275191534696
ko:K15340	0.016180573248648748
ko:K07541	0.0157383791665523
ko:K05661	0.0148148794749126
ko:K14849	0.014713784307544449
ko:K11129	0.0145724253694672
ko:K14574	0.0144055508526121
ko:K13830	0.0143632004612859
ko:K09493	0.0143122633122548
ko:K12769	0.0141523926305564
ko:K01126	0.0140499124156062
ko:K14401	0.0140225758409428
ko:K06961	0.013967271261486
ko:K13341	0.0139630066612658
ko:K14779	0.013935038124463
ko:K01415	0.0138176919988411
ko:K15325	0.0130166146526861
ko:K11569	0.0126094043222834
ko:K14559	0.0124773795754909
ko:K12816	0.0124711528434297
ko:K12858	0.0124041081476381
ko:K05284	0.0122769571905074
ko:K07393	0.0120629565224223
ko:K18050	0.0118340133263496
ko:K02677	0.0118340133263496
ko:K08493	0.0117290287520656
ko:K12848	0.011547394531018
ko:K01288	0.011332816937811
ko:K11108	0.0112216697218759
ko:K02555	0.0111832619424294
ko:K17981	0.0111708409210561
ko:K06942	0.011051609599761994
ko:K01942	0.0108599252675743
ko:K00140	0.0105929878170183
ko:K07942	0.0105548746227411
ko:K18752	0.0105540580632895
ko:K00472	0.0104097399983078
ko:K01955	0.0103883846748267
ko:K15119	0.0100231031797052
ko:K09497	0.0098764668408372
ko:K00670	0.0097328284927228
ko:K06654	0.0096309312645132
ko:K02993	0.009607114157528518
ko:K10773	0.0095957646825178
ko:K20308	0.0092894808882462
ko:K12479	0.0091106573983643
ko:K03495	0.0091106573983643
ko:K12843	0.0091003469355769
ko:K18192	0.0089948615068814
ko:K17918	0.0088949176329691
ko:K07019	0.0087978052364813
ko:K14763	0.0086139425424435
ko:K03143	0.0085577124591444
ko:K12411	0.0085401498205423
ko:K02858	0.0082684572752351
ko:K17815	0.0078413419300648
ko:K22066	0.0077761063518889
ko:K20352	0.007722396008678051
ko:K05955	0.0076247198871941
ko:K01918	0.0076055347951525
ko:K13288	0.0074010977805467
ko:K08486	0.007346280009358951
ko:K19843	0.006943692904228
ko:K04348	0.0068286509649839
ko:K19703	0.0068263723839138
ko:K03127	0.0067200930643541
ko:K08517	0.0064763797963936
ko:K10574	0.0063268740967913
ko:K10573	0.0063268740967913
ko:K15153	0.0061365588316435
ko:K18638	0.0060894790230949
ko:K14810	0.0059588232336544
ko:K00030	0.005942687328924445
ko:K04646	0.0056864114567476
ko:K18720	0.0055567339949691
ko:K14297	0.0055567339949691
ko:K02519	0.0054419815906003
ko:K11153	0.005213984900143853
ko:K16948	0.0040195247339959
ko:K15505	0.0038334426775237
ko:K01469	0.0038029076318040014
ko:K05542	0.003423622682349433
ko:K15305	0.0031800463530594
ko:K08597	0.0030965729811636
ko:K12625	0.0027688292174919
ko:K21806	0.0027379069719115
ko:K10845	0.0025901665364001
ko:K17797	0.0025707989808888
ko:K04718	0.0024832365630023
ko:K13289	0.0015160509463005
ko:K03687	0.0014336809200695
ko:K12580	0.0008337248855781
ko:K12627	0.0006932112123862
ko:K11269	0.0006329854466764
ko:K02321	0.0004408555255831
ko:K21890	0.0003167915613075
ko:K15979	0.0002102659662067
ko:K13051	5.19894686060778e-05
ko:K03099	-0.00014494428467866824
ko:K11495	-0.000151248407415
ko:K11135	-0.0002059474107611
ko:K10703	-0.000362083940401
ko:K11650	-0.0006652443836918497
ko:K10901	-0.0008954794370050756
ko:K10750	-0.0010035614596877
ko:K03785	-0.0010664674884260008
ko:K13107	-0.0017359518999272
ko:K12591	-0.0019573828063101
ko:K09494	-0.0020912721697965
ko:K10581	-0.0020960242824001
ko:K20047	-0.0024610972941886
ko:K08496	-0.0026136293971439975
ko:K06664	-0.0026288301475699
ko:K12614	-0.0026312962490705506
ko:K20003	-0.0029755477172671504
ko:K13103	-0.0029795009328621
ko:K13721	-0.003075128336698
ko:K15264	-0.0033088324530824
ko:K01265	-0.003315432983158749
ko:K00995	-0.0034194825282459
ko:K03164	-0.0034967901180194
ko:K02309	-0.0037186373763605
ko:K01937	-0.003760580029929
ko:K06035	-0.003899386673198
ko:K11493	-0.0039188224595343
ko:K00162	-0.0039391722053283
ko:K20824	-0.0040689265652162
ko:K12471	-0.004327758794678151
ko:K03240	-0.0045899657760535
ko:K14294	-0.0046926890096147
ko:K12183	-0.0049731978535471
ko:K20307	-0.005231791453015
ko:K17887	-0.005482409449430348
ko:K14951	-0.00591657938867105
ko:K01868	-0.0060796390325119996
ko:K01885	-0.0060937468611483026
ko:K17065	-0.006103351158872568
ko:K06902	-0.006160450110074332
ko:K11654	-0.006290397527191002
ko:K14836	-0.0066984387923507
ko:K02355	-0.006725334178182399
ko:K11097	-0.0067799690147464
ko:K14856	-0.006887285758781
ko:K15118	-0.0070967093422199
ko:K03064	-0.0073392573594407
ko:K15376	-0.0074317390405603
ko:K03750	-0.0074317390405603
ko:K03507	-0.008208896489609764
ko:K04567	-0.008417605607841494
ko:K11360	-0.0084467376208122
ko:K12669	-0.0092067619071778
ko:K14852	-0.009458845199956
ko:K17608	-0.0099274307154156
ko:K14784	-0.0100414163077641
ko:K13886	-0.0106082540358503
ko:K07512	-0.0107460126425767
ko:K21594	-0.010808393068535335
ko:K01956	-0.011048692794294
ko:K00286	-0.0111046228743222
ko:K20406	-0.0111400202750658
ko:K06666	-0.011534034913125
ko:K03026	-0.0116546294493147
ko:K05956	-0.0120663666196528
ko:K00784	-0.0122208541359172
ko:K00101	-0.012350143985608499
ko:K20032	-0.01257346271924515
ko:K14293	-0.0127926104481147
ko:K10772	-0.012892669694564998
ko:K10731	-0.0130065905977686
ko:K17435	-0.0131099737224849
ko:K06018	-0.0131317242393124
ko:K14546	-0.0133327830415163
ko:K02149	-0.0138034506832026
ko:K17867	-0.013986552679383198
ko:K14859	-0.0139881829817474
ko:K15425	-0.013996123042258
ko:K01940	-0.0144671885146906
ko:K06671	-0.0150088401831844
ko:K01764	-0.015134727349725749
ko:K12817	-0.0152648387735281
ko:K10735	-0.0152863248117154
ko:K02967	-0.0154193023428348
ko:K17422	-0.0155101815594542
ko:K13431	-0.0156251206614329
ko:K11367	-0.0163523271308419
ko:K01199	-0.0164964335521395
ko:K17900	-0.016560791366122703
ko:K10575	-0.0169088432147578
ko:K06677	-0.0169735741747384
ko:K18327	-0.017097686580704662
ko:K14430	-0.0171448246756086
ko:K06653	-0.017203538748925534
ko:K00624	-0.017446131203420933
ko:K11407	-0.0176020914597959
ko:K14557	-0.0177469215302145
ko:K11675	-0.0179666012777051
ko:K14570	-0.01820557946894051
ko:K11775	-0.0183717550945437
ko:K11760	-0.0183717550945437
ko:K17508	-0.018556676851314013
ko:K17675	-0.0186148604615646
ko:K02152	-0.0187475756597077
ko:K09140	-0.0189844412197499
ko:K05546	-0.0192012439910387
ko:K14307	-0.0192046737892424
ko:K17425	-0.0192381284267312
ko:K14797	-0.0192759636664905
ko:K03380	-0.0195062003912775
ko:K17974	-0.0197719599411987
ko:K00223	-0.01980830453733865
ko:K12880	-0.019983150682852002
ko:K03022	-0.0200215774637882
ko:K06694	-0.0200725932704669
ko:K01456	-0.0200802397068025
ko:K02726	-0.0203962291485677
ko:K14522	-0.0204237825845656
ko:K09495	-0.0204418622903185
ko:K01872	-0.0204436888538825
ko:K15449	-0.0206290013878169
ko:K14858	-0.0212188015970381
ko:K07117	-0.021527327111185948
ko:K00226	-0.02169491430027575
ko:K16938	-0.0220282181895211
ko:K04802	-0.0222040837014019
ko:K03963	-0.0223835044024124
ko:K11292	-0.0227403513537091
ko:K04640	-0.023095359076727995
ko:K19704	-0.0231145873340897
ko:K12191	-0.0231145873340897
ko:K06655	-0.0231953373723711
ko:K05534	-0.0234105491092558
ko:K15306	-0.0235346683279245
ko:K15331	-0.0235365604648034
ko:K12188	-0.0236380580901054
ko:K03108	-0.0236710991627337
ko:K03011	-0.0239370068264073
ko:K07478	-0.02409484317762025
ko:K18749	-0.0241555951203205
ko:K17362	-0.024186251854910745
ko:K18932	-0.02449165140363812
ko:K22075	-0.0245202861510373
ko:K14809	-0.024594399609255
ko:K17421	-0.0246015523775928
ko:K06670	-0.0247658342420944
ko:K16732	-0.025047699985090672
ko:K01054	-0.0255639873428869
ko:K03028	-0.0256352122333559
ko:K08838	-0.025643597280962466
ko:K20521	-0.0258934212028412
ko:K12828	-0.0259356500795158
ko:K12837	-0.0259783028611736
ko:K08874	-0.026433904864193
ko:K14536	-0.026552271210449493
ko:K02959	-0.0270059856660911
ko:K16575	-0.0275023208889191
ko:K07565	-0.027909454316462
ko:K03083	-0.0281611202663844
ko:K12766	-0.0281611202663844
ko:K07034	-0.0281932611358867
ko:K22314	-0.0283013646816318
ko:K16073	-0.028424628942174353
ko:K11663	-0.0285084289907345
ko:K14554	-0.0285759386204859
ko:K16794	-0.0286289127870509
ko:K12589	-0.0291853709489489
ko:K00902	-0.0296325950660703
ko:K00586	-0.0296638641036124
ko:K15027	-0.0299388181763159
ko:K12351	-0.0299432486387326
ko:K14721	-0.0302497375340172
ko:K20304	-0.030289633654672663
ko:K17080	-0.0306712780728284
ko:K20475	-0.0308908391411199
ko:K20473	-0.0308908391411199
ko:K14713	-0.031065669921806
ko:K18660	-0.031083009066838
ko:K05765	-0.031232012038065
ko:K11756	-0.031588570071049
ko:K03025	-0.0321429053431997
ko:K03351	-0.032412445624201
ko:K01867	-0.03248017264915193
ko:K08764	-0.0325566504652183
ko:K12662	-0.0331089069590539
ko:K20303	-0.0331191313351518
ko:K07059	-0.03329060096107945
ko:K12876	-0.034157773583821
ko:K13711	-0.034190997585582
ko:K19833	-0.0344647875110936
ko:K11768	-0.0345458992899037
ko:K04797	-0.0345538036919152
ko:K11324	-0.0345735658897699
ko:K22484	-0.0349228524469676
ko:K14796	-0.0349449048538986
ko:K11870	-0.035306811797617
ko:K11664	-0.0353690612833769
ko:K00627	-0.0354929611730086
ko:K18849	-0.0356975194803801
ko:K02992	-0.0359702912040879
ko:K15620	-0.0361682196821562
ko:K14863	-0.0361981359050215
ko:K14007	-0.0363853700784402
ko:K15216	-0.0364500509830928
ko:K15280	-0.0364906141047431
ko:K18586	-0.0365799421166271
ko:K13281	-0.0366781300948699
ko:K17891	-0.0367009906683221
ko:K15263	-0.0367009906683221
ko:K19812	-0.0367815615794269
ko:K11240	-0.0367815615794269
ko:K12833	-0.0368850945544294
ko:K15113	-0.0369097919837842
ko:K03115	-0.0369392889606368
ko:K08008	-0.0370450584091736
ko:K03037	-0.0375461862468143
ko:K21455	-0.0377493830802841
ko:K20826	-0.038030172316416
ko:K19054	-0.0380857868837172
ko:K20293	-0.03813348823744135
ko:K09043	-0.03851102327023683
ko:K15178	-0.0387244138120906
ko:K18584	-0.0388461443864085
ko:K14560	-0.038960705540252
ko:K11361	-0.0390397806694398
ko:K20040	-0.039060335149466
ko:K01874	-0.03909954607553536
ko:K14770	-0.039252012783864
ko:K01657	-0.039391207809683
ko:K18184	-0.0393946731647335
ko:K11338	-0.039418525550452
ko:K05756	-0.0398928615992896
ko:K14168	-0.0399469240417238
ko:K14457	-0.0400663935543138
ko:K09499	-0.0403672436635571
ko:K12193	-0.0404703087562205
ko:K03355	-0.0405654253329915
ko:K09291	-0.0405687234965485
ko:K03036	-0.0406120870548173
ko:K15267	-0.0406563670695538
ko:K02180	-0.040973426978013
ko:K13176	-0.0411032502279543
ko:K17415	-0.0411067172060283
ko:K04354	-0.041220576677814
ko:K13210	-0.0412653122549598
ko:K02961	-0.041286506616261
ko:K02605	-0.0412963058510234
ko:K14785	-0.0414910263897402
ko:K00942	-0.0415428709259474
ko:K02911	-0.0418139086044991
ko:K14829	-0.0419038712251691
ko:K17768	-0.0419842248105038
ko:K00791	-0.042250213593114
ko:K21232	-0.0423263687963843
ko:K14793	-0.0424513800112342
ko:K19846	-0.0425785446130926
ko:K01889	-0.0430125724311861
ko:K15456	-0.0430519414764491
ko:K06276	-0.04312819365589197
ko:K17267	-0.0436339489661294
ko:K03978	-0.0438614610984057
ko:K06683	-0.0438660196582065
ko:K13337	-0.0445976394579132
ko:K03012	-0.0446958349591515
ko:K11585	-0.0447332816107439
ko:K14023	-0.0450442007663874
ko:K09496	-0.0454994766439987
ko:K01408	-0.0457751461893522
ko:K07513	-0.04582907201532571
ko:K01493	-0.046341269018353504
ko:K01640	-0.0464930604566427
ko:K02150	-0.047121807727365
ko:K21543	-0.0471820152938561
ko:K13110	-0.0472499883052581
ko:K12595	-0.0472583773743482
ko:K14416	-0.0472583773743482
ko:K01166	-0.047263839698312
ko:K01490	-0.0475589114187464
ko:K04564	-0.047773596158561665
ko:K14642	-0.0480527690781378
ko:K06997	-0.0482894834864245
ko:K00763	-0.0483207773304338
ko:K15082	-0.0483670698087269
ko:K15175	-0.0485527858710986
ko:K18339	-0.04857336737505
ko:K05605	-0.0485770221913791
ko:K14311	-0.0486945263171108
ko:K01653	-0.04871850355246
ko:K07973	-0.0489454434083317
ko:K03066	-0.0492458299539759
ko:K17498	-0.0507604515045714
ko:K00916	-0.0507708575295359
ko:K10754	-0.0507836850199938
ko:K17290	-0.050892490377665
ko:K00327	-0.0510341903234998
ko:K12735	-0.051169587132578
ko:K02219	-0.0513342666351959
ko:K11319	-0.0514775620233912
ko:K11396	-0.0514775620233912
ko:K12621	-0.0519430585070332
ko:K20368	-0.0520668215654173
ko:K11215	-0.0521863354181611
ko:K10991	-0.0522481537332517
ko:K09827	-0.0527706720366795
ko:K19476	-0.05278884531127553
ko:K21158	-0.0533050601952193
ko:K16570	-0.0535548338914916
ko:K14846	-0.0536499014225038
ko:K00107	-0.0538899646907242
ko:K00103	-0.0538899646907242
ko:K17260	-0.0539039266086841
ko:K00493	-0.0539927569038122
ko:K20803	-0.0542111252522909
ko:K03145	-0.0542146844342932
ko:K20780	-0.0546360522404814
ko:K03014	-0.0546507899447986
ko:K10583	-0.0547127065628077
ko:K02307	-0.05516812385146
ko:K08900	-0.05518306957842074
ko:K05310	-0.05529639064016
ko:K17743	-0.0554465744487859
ko:K02902	-0.0555606898430261
ko:K03061	-0.055634426708428
ko:K06287	-0.0556666782248812
ko:K08066	-0.0557437173681522
ko:K11839	-0.0559404289582891
ko:K11380	-0.0560549094745793
ko:K14774	-0.0564144774105554
ko:K10752	-0.0567093673049261
ko:K12587	-0.056842984693065
ko:K11567	-0.0569388640545313
ko:K05012	-0.05705079053630162
ko:K03062	-0.05727097684085805
ko:K11359	-0.0572847892970024
ko:K09498	-0.0574382803652445
ko:K14324	-0.0581271840475766
ko:K06693	-0.0581912555559073
ko:K06675	-0.0582362800588741
ko:K01893	-0.058465557674570366
ko:K14795	-0.0585725518071451
ko:K10743	-0.058700505098709
ko:K07566	-0.0589795359835283
ko:K10878	-0.0589982859875016
ko:K02931	-0.0590766016387898
ko:K15427	-0.0593470053965247
ko:K15498	-0.0593470053965247
ko:K00830	-0.0596353439868068
ko:K17263	-0.0597040416639799
ko:K12590	-0.060147318740941
ko:K17783	-0.06020678284150105
ko:K03035	-0.0602179518124752
ko:K11842	-0.0604312359318957
ko:K11872	-0.0604312359318957
ko:K02218	-0.060974922741707
ko:K17930	-0.0609874329262089
ko:K14531	-0.061428380534906
ko:K20526	-0.0616312646268646
ko:K15508	-0.06201493256999666
ko:K11600	-0.0622863333199865
ko:K14817	-0.0627966786113855
ko:K03661	-0.0629920853854405
ko:K10967	-0.0631553193134235
ko:K14778	-0.0633385559073139
ko:K03538	-0.0636017541751679
ko:K15455	-0.06379584471133187
ko:K01230	-0.06387503432061024
ko:K14327	-0.0639250682507397
ko:K08576	-0.0640169543460856
ko:K03015	-0.0640484029416504
ko:K14026	-0.06405407744263245
ko:K21451	-0.06438638106610166
ko:K15183	-0.0644115744536175
ko:K15171	-0.0645985850059745
ko:K19801	-0.0649389559870125
ko:K15069	-0.0650178200925352
ko:K00761	-0.065073802810211
ko:K07941	-0.0652358066223836
ko:K18176	-0.065404579189757
ko:K11237	-0.06585168293403766
ko:K11568	-0.0658727336742978
ko:K14290	-0.0659904712332862
ko:K10838	-0.0663808019537683
ko:K05291	-0.0666329382489111
ko:K09252	-0.06684271629730121
ko:K03679	-0.0670204222039288
ko:K14309	-0.0671469669847779
ko:K02738	-0.0674103391589974
ko:K14006	-0.0674124766234202
ko:K00966	-0.067443903291907
ko:K19828	-0.0674654262934271
ko:K17617	-0.0675318089470105
ko:K08492	-0.0678245130521306
ko:K12831	-0.0680331165673334
ko:K08489	-0.0688551406822565
ko:K20046	-0.0691074323299561
ko:K02996	-0.0692032368011623
ko:K04630	-0.06937876626773445
ko:K05747	-0.069442809752884
ko:K10734	-0.0697598126531887
ko:K10428	-0.069892862000793
ko:K02835	-0.070150217684388
ko:K02946	-0.0701687544421387
ko:K10756	-0.07016910237508014
ko:K11563	-0.07035171794076635
ko:K02434	-0.0704730577408106
ko:K13120	-0.0706356285119003
ko:K12412	-0.0707925225592457
ko:K06063	-0.0709045260154533
ko:K13026	-0.0709619885556662
ko:K03872	-0.071233900833414
ko:K11835	-0.0713042948963475
ko:K00988	-0.07133169859537919
ko:K08054	-0.0715097025572782
ko:K02950	-0.0715145349299356
ko:K02155	-0.07182421191580206
ko:K07827	-0.07189069648265155
ko:K16738	-0.0720643549763288
ko:K17361	-0.072088582364666
ko:K15320	-0.0723628871016994
ko:K00863	-0.07242054350128226
ko:K15745	-0.0725936019438837
ko:K07200	-0.0730439766976644
ko:K12860	-0.0732598640058255
ko:K14960	-0.0736875599840033
ko:K01497	-0.0739101283136429
ko:K03255	-0.0739179947477407
ko:K13118	-0.0741313217816875
ko:K13172	-0.0742122495922553
ko:K02433	-0.0744018057153843
ko:K03515	-0.0744885318779235
ko:K01866	-0.07457482128707825
ko:K01599	-0.0747337511513536
ko:K12404	-0.0747945097150746
ko:K20030	-0.0748400335453058
ko:K12761	-0.0753107244205628
ko:K10364	-0.0753116175436641
ko:K14400	-0.0755663357287906
ko:K00766	-0.0758329579309193
ko:K10418	-0.0759771130206522
ko:K00318	-0.0760997165875969
ko:K07101	-0.0762038982989268
ko:K22134	-0.0763241432905595
ko:K20291	-0.0776329008147245
ko:K14685	-0.07792549383638385
ko:K14826	-0.0779487112486992
ko:K12571	-0.0780851229820153
ko:K17623	-0.0782303598576041
ko:K03783	-0.078339385845272
ko:K10627	-0.0785802646797134
ko:K08501	-0.078970206120206
ko:K01099	-0.0791295069027287
ko:K14458	-0.0799268396978665
ko:K07874	-0.0799661249344382
ko:K01537	-0.0800007649728404
ko:K14408	-0.0800423843918421
ko:K03188	-0.0801819345100307
ko:K10563	-0.080688622390945
ko:K09131	-0.080693030838211
ko:K12859	-0.0814287828835972
ko:K01855	-0.0814287828835972
ko:K21797	-0.081685316869373
ko:K01530	-0.081688426022273
ko:K22071	-0.0818255725674304
ko:K10866	-0.0818984931494221
ko:K21552	-0.0820281363664207
ko:K03233	-0.08206171916918001
ko:K09518	-0.0820850345836714
ko:K20288	-0.0821979010365017
ko:K00931	-0.0822622950479782
ko:K07152	-0.0822705975794057
ko:K20289	-0.0823348850508094
ko:K02863	-0.0824493783023411
ko:K03979	-0.0825197865425988
ko:K12663	-0.0827010225249669
ko:K12184	-0.0829707456622795
ko:K10879	-0.0830089230185703
ko:K10361	-0.0830639541188775
ko:K06778	-0.0830639541188775
ko:K19306	-0.0832107463805065
ko:K05607	-0.083282674060161
ko:K02914	-0.0834060697355866
ko:K02258	-0.0834845095781263
ko:K12879	-0.083487617288636
ko:K11365	-0.0836821974451046
ko:K20360	-0.0838846017684726
ko:K17765	-0.0844053864319725
ko:K03000	-0.0849229338018946
ko:K11268	-0.0851966204966545
ko:K14820	-0.08526185401793425
ko:K20300	-0.0854380665036002
ko:K06201	-0.0855311408476028
ko:K03029	-0.0859092603220652
ko:K00864	-0.0868522986373134
ko:K12855	-0.0872502203070839
ko:K11483	-0.0876897595018555
ko:K11404	-0.0876897595018555
ko:K00645	-0.0877854533799486
ko:K03217	-0.0880740951242564
ko:K05019	-0.0888129589370764
ko:K20643	-0.0888493439925211
ko:K17769	-0.0888872596907449
ko:K02151	-0.089170120127422
ko:K20133	-0.0896516504397956
ko:K12852	-0.0902279191391732
ko:K12853	-0.0902279191391732
ko:K13333	-0.090375320991439
ko:K03122	-0.0903871865021684
ko:K12882	-0.0906723947273652
ko:K08852	-0.0909243323238604
ko:K03648	-0.0911408813035777
ko:K01950	-0.0913280172096551
ko:K00960	-0.0918620177706307
ko:K17794	-0.0920640940496356
ko:K02731	-0.0921123247825713
ko:K03858	-0.0923547786508848
ko:K09528	-0.0926969905189598
ko:K11888	-0.0933432947458012
ko:K14777	-0.0933803660648319
ko:K01120	-0.093423284570397
ko:K11877	-0.0934541810791994
ko:K07877	-0.0935194041652513
ko:K20279	-0.0939718021766034
ko:K07441	-0.0939957740484088
ko:K14288	-0.0943509773866883
ko:K20121	-0.09470316757631765
ko:K12393	-0.0947171458987959
ko:K02926	-0.0948693696201726
ko:K11099	-0.0950728004232652
ko:K18715	-0.0955304062873429
ko:K01610	-0.095629048098675
ko:K11979	-0.0957068468832435
ko:K02907	-0.0958381666459861
ko:K10246	-0.0959893161947262
ko:K10245	-0.0959893161947262
ko:K00729	-0.0960637848315476
ko:K14303	-0.0963831420313332
ko:K06679	-0.0965668076302553
ko:K17437	-0.0966705699457168
ko:K06659	-0.0970519726010527
ko:K02988	-0.0970698760488107
ko:K10742	-0.0974293862142583
ko:K01191	-0.097624794939947
ko:K00943	-0.0977265203484613
ko:K15084	-0.0979183957786689
ko:K02963	-0.0979313799963325
ko:K15304	-0.0982625999957464
ko:K05663	-0.0983862892891782
ko:K12763	-0.0986260350176116
ko:K22069	-0.09872462135387874
ko:K05727	-0.0987561194477868
ko:K03134	-0.0988650840026057
ko:K10415	-0.0988722788783018
ko:K15262	-0.0990409667179147
ko:K03448	-0.0994671919534951
ko:K15429	-0.0995844665387332
ko:K18442	-0.0997583507194341
ko:K01808	-0.0999514707777377
ko:K02739	-0.100250161366851
ko:K09680	-0.100298129752603
ko:K01412	-0.100461183782863
ko:K03352	-0.100638143495845
ko:K15255	-0.1006788727727748
ko:K14328	-0.101086956498526
ko:K04706	-0.101129290373283
ko:K20063	-0.101185386154232
ko:K17496	-0.101336011426063
ko:K09550	-0.101376638504526
ko:K11584	-0.10218920034851
ko:K08287	-0.102459222599994
ko:K19717	-0.102468992207751
ko:K02510	-0.102782017885042
ko:K08596	-0.102917752592818
ko:K07151	-0.102980646595603
ko:K11652	-0.103493936380861
ko:K11340	-0.103493936380861
ko:K11400	-0.103493936380861
ko:K11806	-0.1035888699515186
ko:K18599	-0.103629265834541
ko:K11230	-0.10417630405219
ko:K12871	-0.105159652532015
ko:K02933	-0.105448178302226
ko:K01173	-0.105605491298971
ko:K07766	-0.106142372531941
ko:K03504	-0.106291152314186
ko:K14306	-0.106365659354253
ko:K00604	-0.106443118846808
ko:K12492	-0.106871395619534
ko:K12622	-0.107052759696518
ko:K11306	-0.107436005821974
ko:K11378	-0.107436005821974
ko:K11362	-0.107635848736513
ko:K18725	-0.108040511962049
ko:K15078	-0.10804397178995
ko:K02867	-0.108844027516538
ko:K02154	-0.108881974629516
ko:K03130	-0.108911339951934
ko:K15151	-0.109087532284089
ko:K15711	-0.109340968466522
ko:K17780	-0.109412516239908
ko:K02213	-0.109610563763088
ko:K14555	-0.109789784821494
ko:K04739	-0.109979714022275
ko:K11763	-0.110038878816538
ko:K15128	-0.110262123828479
ko:K11497	-0.110434388124148
ko:K18178	-0.11044324531061699
ko:K01634	-0.110887899182783
ko:K11560	-0.11141900826215
ko:K11484	-0.111587474914515
ko:K15140	-0.11163694383168
ko:K06648	-0.11173532024418
ko:K05841	-0.111821014048819
ko:K06639	-0.112480613909151
ko:K00288	-0.112600960031257
ko:K01522	-0.112708900723375
ko:K05285	-0.112709103942472
ko:K14005	-0.112950460054373
ko:K11137	-0.113165630109001
ko:K07560	-0.113432156422668
ko:K20362	-0.113717450758427
ko:K08870	-0.113746022330648
ko:K18156	-0.113795666828082
ko:K00721	-0.11389915688855
ko:K10570	-0.114019942681346
ko:K05954	-0.114056044295463
ko:K10392	-0.11408617862707
ko:K19839	-0.114117116545747
ko:K16733	-0.114117116545747
ko:K18468	-0.114183981708425
ko:K03537	-0.114297833850818
ko:K17560	-0.114364632840873
ko:K14315	-0.114727055527213
ko:K19852	-0.114876693667983
ko:K18469	-0.115557335909449
ko:K10277	-0.11574807548001739
ko:K00281	-0.115874114131375
ko:K01768	-0.116247345863578
ko:K22008	-0.116271565299241
ko:K11558	-0.116379642947069
ko:K03457	-0.116412751003167
ko:K01102	-0.11663510111698767
ko:K00128	-0.11669023970750753
ko:K21294	-0.117043494511271
ko:K01338	-0.117160282577096
ko:K01526	-0.117251889983953
ko:K10578	-0.117293508011017
ko:K17491	-0.117311555315654
ko:K08866	-0.117344234964492
ko:K20472	-0.11850309774039
ko:K10401	-0.118647201436904
ko:K12862	-0.118812084921135
ko:K11723	-0.118812084921135
ko:K13566	-0.119214939721514
ko:K05857	-0.11944330179328866
ko:K15562	-0.119509737890668
ko:K20367	-0.119568721375338
ko:K01881	-0.1195805954112308
ko:K03016	-0.119603713706667
ko:K05906	-0.119744701725169
ko:K19841	-0.11976883352132
ko:K02148	-0.119779946284294
ko:K02437	-0.120057739055898
ko:K11370	-0.120142976679107
ko:K11267	-0.120759385125784
ko:K00900	-0.120877631571744
ko:K14439	-0.12104292215017
ko:K18334	-0.121109216983071
ko:K18102	-0.121109216983071
ko:K01755	-0.121249986082268
ko:K06669	-0.121299835806656
ko:K12893	-0.121445100097301
ko:K14651	-0.121445100097301
ko:K14800	-0.12154568745933
ko:K08827	-0.121600452733932
ko:K15356	-0.121613004713008
ko:K10696	-0.121878102962065
ko:K01533	-0.121915255659787
ko:K15628	-0.1219281485006174
ko:K11088	-0.121986514121192
ko:K12868	-0.122098169430135
ko:K15165	-0.122248861403567
ko:K09539	-0.12226351258838
ko:K09537	-0.122402345823124
ko:K05757	-0.122562910478965
ko:K01476	-0.12278263358821
ko:K05863	-0.12294328926944
ko:K12198	-0.122970859415222
ko:K18466	-0.123017378642385
ko:K09699	-0.123419253508732
ko:K00993	-0.12366182056724545
ko:K08266	-0.12369479560811
ko:K18045	-0.123831857230981
ko:K01410	-0.123915892676168
ko:K12877	-0.123990784255492
ko:K15728	-0.124117771670917
ko:K10689	-0.124335457592885
ko:K20028	-0.12433997419524821
ko:K06123	-0.124419548629607
ko:K19307	-0.12468132534257924
ko:K05754	-0.124727665926344
ko:K03362	-0.12491182685316005
ko:K01083	-0.124992173807087
ko:K19807	-0.125259586958221
ko:K09265	-0.125259586958221
ko:K05972	-0.12533734067762192
ko:K02730	-0.125361607716549
ko:K13113	-0.125393138336709
ko:K08994	-0.12568704201190947
ko:K02328	-0.12575164984273
ko:K01641	-0.125769719642053
ko:K07359	-0.12587628308831367
ko:K21157	-0.12587628308831367
ko:K19951	-0.126456457621756
ko:K18626	-0.12674408063833612
ko:K09184	-0.12676548520876546
ko:K17413	-0.126771261791774
ko:K15436	-0.126869373936698
ko:K15196	-0.127062063490945
ko:K02606	-0.127322993174445
ko:K17677	-0.127357139368848
ko:K14404	-0.12761793893431603
ko:K07023	-0.12762043125331
ko:K06972	-0.127675442841641
ko:K16219	-0.127775020604071
ko:K03137	-0.127809694793354
ko:K01443	-0.127995750727877
ko:K20048	-0.128191048843963
ko:K17268	-0.128191389337406
ko:K05293	-0.128255075591636
ko:K15219	-0.128619097606544
ko:K14312	-0.128710850515374
ko:K00953	-0.128805870051319
ko:K18182	-0.1288667170008535
ko:K11681	-0.128948650878693
ko:K06130	-0.129116055936423
ko:K06128	-0.129116055936423
ko:K06999	-0.129116055936423
ko:K07025	-0.129440199915646
ko:K18551	-0.129440199915646
ko:K20178	-0.129938960356
ko:K02727	-0.129952880597184
ko:K09467	-0.130135271136072
ko:K05758	-0.130141818184185
ko:K16569	-0.130375623093344
ko:K14209	-0.13047053815594267
ko:K06269	-0.13146902905824714
ko:K08343	-0.131579673037465
ko:K12857	-0.131722679209052
ko:K11501	-0.13242547091328769
ko:K01556	-0.132559168233979
ko:K02954	-0.132656084156509
ko:K02948	-0.132814697898905
ko:K00274	-0.133021401863623
ko:K13280	-0.13338852818659594
ko:K00818	-0.133461924294846
ko:K03544	-0.13367860258079295
ko:K01969	-0.134242551343254
ko:K02906	-0.134379514953334
ko:K21642	-0.134947537001405
ko:K03458	-0.135167448423412
ko:K00077	-0.13520176787383006
ko:K06268	-0.135368812467536
ko:K10848	-0.135509944327767
ko:K02729	-0.136070219494944
ko:K11562	-0.136123303910451
ko:K06027	-0.136133182274322
ko:K16675	-0.1361674834894484
ko:K21752	-0.136185475558053
ko:K02876	-0.136288887139968
ko:K12197	-0.136925047639478
ko:K03031	-0.136981323647997
ko:K00671	-0.137156264441511
ko:K05657	-0.137493739202285
ko:K02021	-0.137493739202285
ko:K14773	-0.1376430881274901
ko:K02830	-0.137657361209386
ko:K00804	-0.137736690653442
ko:K03241	-0.137741432944366
ko:K15442	-0.137806208907824
ko:K06134	-0.138107181518242
ko:K12196	-0.138250913906366
ko:K18550	-0.1385958898540177
ko:K16315	-0.138639238649725
ko:K17770	-0.138807430228064
ko:K11673	-0.139238875290896
ko:K09523	-0.139247415219801
ko:K02737	-0.139700111360211
ko:K03869	-0.14029627139669
ko:K07208	-0.140444233545097
ko:K17792	-0.140775092131308
ko:K18191	-0.140840109055636
ko:K20237	-0.14112408884452
ko:K03104	-0.141154250973426
ko:K17439	-0.141375673538951
ko:K06947	-0.141427109990158
ko:K07095	-0.141731618869987
ko:K18467	-0.141731618869987
ko:K10597	-0.141784208495768
ko:K15115	-0.14249471104756692
ko:K00290	-0.14250064649072
ko:K10398	-0.142631352763331
ko:K01052	-0.142773159441492
ko:K08267	-0.143239226668539
ko:K11559	-0.14339484790707
ko:K10579	-0.143409248773964
ko:K12194	-0.143737931872826
ko:K21390	-0.143807030531474
ko:K00965	-0.14413864844087
ko:K17807	-0.144150564697211
ko:K11233	-0.14418195202126
ko:K20301	-0.14419881520482825
ko:K04708	-0.144250660855348
ko:K00039	-0.144250660855348
ko:K11667	-0.144293275873097
ko:K15176	-0.144985999071818
ko:K00876	-0.145034810148219
ko:K14655	-0.145462198880781
ko:K15454	-0.145462198880781
ko:K14411	-0.145559188706771
ko:K11578	-0.145711218098946
ko:K01900	-0.145738555968002
ko:K17806	-0.146019538309649
ko:K17967	-0.14626168036634582
ko:K01487	-0.146282311935015
ko:K01164	-0.14630198629090393
ko:K03030	-0.146396315412539
ko:K03660	-0.146451092643137
ko:K14004	-0.146500690149619
ko:K12737	-0.146627055626594
ko:K01968	-0.146711400125919
ko:K12494	-0.146861817825091
ko:K17781	-0.14727495375739724
ko:K11648	-0.147626286818469
ko:K00685	-0.147773618405737
ko:K09704	-0.1479285594538145
ko:K15731	-0.148189826597213
ko:K12389	-0.14835170217160548
ko:K18914	-0.14845134350821
ko:K01607	-0.14873848282924
ko:K13519	-0.148772704737355
ko:K17970	-0.148976364417436
ko:K00914	-0.149031073674227
ko:K10846	-0.149044430981381
ko:K14530	-0.1491605606514
ko:K03885	-0.14916796174032435
ko:K06067	-0.149281833076935
ko:K00720	-0.149507634887921
ko:K00997	-0.149667912116309
ko:K03357	-0.149787746155922
ko:K05755	-0.149874386581747
ko:K10389	-0.150052278618838
ko:K14692	-0.150069905517197
ko:K16743	-0.150453031550261
ko:K20179	-0.151235658953414
ko:K14397	-0.151521498647216
ko:K02728	-0.15175548235817
ko:K06665	-0.151852331963196
ko:K15326	-0.152047269543669
ko:K03350	-0.152119261889089
ko:K17656	-0.152129390676401
ko:K14016	-0.152648943931249
ko:K19691	-0.152655725349675
ko:K18342	-0.15270050042353
ko:K11412	-0.152803980157661
ko:K05529	-0.153018592756548
ko:K15156	-0.15302613545598
ko:K01379	-0.153734794192909
ko:K02864	-0.153820328408096
ko:K12867	-0.153840308003856
ko:K11553	-0.153983599553257
ko:K12274	-0.1540894652023482
ko:K01922	-0.15418867704142
ko:K01228	-0.15420340774696226
ko:K10082	-0.15438442103046
ko:K03678	-0.154442805995431
ko:K13350	-0.154816963979846
ko:K11665	-0.154907015746761
ko:K16578	-0.154988020160048
ko:K16572	-0.155548102381094
ko:K06110	-0.155566560489665
ko:K05533	-0.155809390578121
ko:K11273	-0.15593801473576666
ko:K11423	-0.156257176072264
ko:K11826	-0.156895565016662
ko:K08869	-0.15735146244281828
ko:K03575	-0.157924221673642
ko:K11246	-0.157944659811276
ko:K08495	-0.158095968839784
ko:K18203	-0.15811405040857915
ko:K03364	-0.158658910384426
ko:K14972	-0.158778184889151
ko:K13220	-0.158898414537113
ko:K14825	-0.15896095210134
ko:K10609	-0.159320658932086
ko:K15117	-0.159441024898816
ko:K11805	-0.159562413520673
ko:K15559	-0.159888676855412
ko:K12472	-0.160054845626797
ko:K05528	-0.16048303230076913
ko:K07342	-0.160829606536215
ko:K06636	-0.160966004532742
ko:K17402	-0.161071561077294
ko:K20176	-0.161233393867463
ko:K09647	-0.161655429318955
ko:K11551	-0.161699036373962
ko:K07249	-0.161713958249454
ko:K05351	-0.16181599349126602
ko:K20346	-0.16186914117256
ko:K18159	-0.161979799443835
ko:K21249	-0.162052275800112
ko:K09420	-0.162516801175077
ko:K12666	-0.162524976150169
ko:K14998	-0.163008238707301
ko:K19983	-0.164019331572158
ko:K00889	-0.164320327748599
ko:K18719	-0.16436884234821
ko:K06950	-0.164390911485896
ko:K01304	-0.164392430814307
ko:K17541	-0.16442800428953
ko:K02899	-0.164629203604997
ko:K05283	-0.164741866713087
ko:K11662	-0.164877039173678
ko:K19487	-0.165217173287034
ko:K12601	-0.165306809504652
ko:K12602	-0.165306809504652
ko:K09175	-0.165341112464835
ko:K09174	-0.165341112464835
ko:K00637	-0.16570824528018105
ko:K07573	-0.165741425946033
ko:K00688	-0.165766731406889
ko:K12273	-0.165796081018611
ko:K01187	-0.1658366537022362
ko:K14299	-0.166232838180271
ko:K03320	-0.16675785517405206
ko:K12736	-0.166844942776463
ko:K14298	-0.166871003149584
ko:K10426	-0.167099731660279
ko:K20476	-0.167180983553802
ko:K02207	-0.167771251742948
ko:K00730	-0.167918833858365
ko:K12863	-0.168123868014592
ko:K04532	-0.168434102205723
ko:K08736	-0.16855975417528
ko:K11572	-0.169035024359005
ko:K06672	-0.169284570058142
ko:K12864	-0.169347505562426
ko:K12849	-0.169396746701835
ko:K11644	-0.169603495858104
ko:K00728	-0.16961492275896678
ko:K12870	-0.169930626813623
ko:K20044	-0.170394043056264
ko:K00565	-0.170559507977546
ko:K12821	-0.171097569171944
ko:K14526	-0.171127225980912
ko:K12603	-0.171264117407619
ko:K05848	-0.17132260488494713
ko:K18670	-0.17148179456712148
ko:K11228	-0.171842421867546
ko:K17434	-0.172380604704845
ko:K07232	-0.172863762193676
ko:K08515	-0.173083915961902
ko:K08739	-0.173445712997553
ko:K09659	-0.173756113708922
ko:K17919	-0.174604861957985
ko:K10268	-0.174896401427015
ko:K00451	-0.17502356749880385
ko:K12486	-0.1756357948797505
ko:K12670	-0.175712208370643
ko:K10396	-0.176029822449401
ko:K06199	-0.1765011992803181
ko:K14715	-0.176692090505334
ko:K11236	-0.176840371101583
ko:K07127	-0.177105014460427
ko:K06116	-0.177133416742904
ko:K06117	-0.177133416742904
ko:K01111	-0.177133416742904
ko:K12826	-0.177640142921492
ko:K18173	-0.177666547423604
ko:K01277	-0.177918100600201
ko:K06682	-0.178038425837854
ko:K15160	-0.178368936532929
ko:K01890	-0.17881733722741
ko:K03754	-0.178870254212886
ko:K03039	-0.178873895523886
ko:K01179	-0.17890745574935
ko:K16330	-0.179070699920086
ko:K16329	-0.179070699920086
ko:K11827	-0.179388029375876
ko:K06126	-0.17979100815117
ko:K11314	-0.179834479473759
ko:K22152	-0.18042624384510653
ko:K01438	-0.180434158749056
ko:K10877	-0.180818193070788
ko:K10599	-0.181126219562426
ko:K03510	-0.18122520170637
ko:K18723	-0.181409935533938
ko:K13122	-0.181475481644117
ko:K17438	-0.181702621289544
ko:K17917	-0.181931029030014
ko:K20457	-0.182381938306048
ko:K02736	-0.182856233598342
ko:K03539	-0.18320068325206
ko:K12767	-0.183370762882248
ko:K10956	-0.184081437006248
ko:K00469	-0.18418538959737
ko:K15444	-0.184320535280273
ko:K19986	-0.184481103649043
ko:K02734	-0.185859764514687
ko:K07952	-0.185891657022342
ko:K14301	-0.186400965707725
ko:K09359	-0.186444454250807
ko:K17600	-0.186517848539946
ko:K17424	-0.186801017757545
ko:K15283	-0.186836187144247
ko:K09648	-0.18683882743935
ko:K05531	-0.1875738642743605
ko:K12869	-0.187613607529792
ko:K09529	-0.187999190158221
ko:K05289	-0.188312112955753
ko:K22123	-0.1893630802358175
ko:K14308	-0.189403114909742
ko:K00598	-0.189526042889258
ko:K02735	-0.189673218201313
ko:K14403	-0.189818703622399
ko:K15507	-0.189942492668755
ko:K03218	-0.189942492668755
ko:K11098	-0.19005772640445
ko:K21632	-0.1901146748440415
ko:K17795	-0.19039248042724433
ko:K03125	-0.190738791652327
ko:K16196	-0.190967857547123
ko:K14325	-0.1916898583477
ko:K18669	-0.192174198399766
ko:K11866	-0.19222224468471497
ko:K02725	-0.192437334485025
ko:K15198	-0.192442901177783
ko:K16075	-0.192454301530709
ko:K15732	-0.192827382388745
ko:K00480	-0.193049017943655
ko:K18624	-0.193669600318951
ko:K05355	-0.19391551005576
ko:K03859	-0.194001272204526
ko:K01266	-0.194001272204526
ko:K00467	-0.194152877465181
ko:K02892	-0.194268261143915
ko:K15859	-0.19477411517483
ko:K03138	-0.195158654099715
ko:K06990	-0.19527774113093
ko:K04459	-0.195591668450065
ko:K02153	-0.196701086374196
ko:K00994	-0.196816018312743
ko:K08793	-0.19707512910436
ko:K01466	-0.197370327776646
ko:K06101	-0.197494933433591
ko:K20823	-0.197729297046421
ko:K20299	-0.197830032629499
ko:K11213	-0.1978903322685
ko:K13336	-0.198567886254915
ko:K20404	-0.199335197011114
ko:K19589	-0.199503299407821
ko:K21997	-0.199776797481951
ko:K17987	-0.199776797481951
ko:K12195	-0.199808601242663
ko:K12897	-0.19986022510398796
ko:K02884	-0.200014375902879
ko:K14845	-0.20026620172231
ko:K11566	-0.200532621531424
ko:K03847	-0.2007200789107
ko:K21864	-0.201622018933301
ko:K01068	-0.201903008199871
ko:K11992	-0.201903008199871
ko:K02608	-0.202039301456584
ko:K03514	-0.202067965903309
ko:K22494	-0.202141013997559
ko:K16489	-0.202594336684582
ko:K10733	-0.202730969894141
ko:K12829	-0.203146202894839
ko:K00750	-0.20347507484513
ko:K09464	-0.203605878713786
ko:K07748	-0.20377003656126855
ko:K06125	-0.204243808178274
ko:K02326	-0.2042487446359
ko:K21751	-0.204274228565138
ko:K12883	-0.204313422881588
ko:K17408	-0.205257523079437
ko:K00819	-0.205336925901237
ko:K20241	-0.205957388902633
ko:K19785	-0.206134511754002
ko:K08681	-0.206446057954648
ko:K04709	-0.2065239573826955
ko:K19953	-0.206840010953457
ko:K13137	-0.207235276664244
ko:K14018	-0.208131299039462
ko:K11518	-0.208259234918145
ko:K12394	-0.2084374966972915
ko:K15292	-0.2086379524183
ko:K20280	-0.208757595500162
ko:K09424	-0.209287349223568
ko:K15177	-0.21080976539344
ko:K11498	-0.210895911694505
ko:K16230	-0.211070462556535
ko:K08502	-0.211259465433856
ko:K12398	-0.211299671038318
ko:K10949	-0.211319257547595
ko:K00773	-0.2113571086178025
ko:K00560	-0.211744348870105
ko:K03353	-0.211990548350717
ko:K17411	-0.21210702081565
ko:K11771	-0.212538834607307
ko:K18724	-0.213075821767158
ko:K12626	-0.213580326922116
ko:K12399	-0.213581820580686
ko:K12182	-0.214071965867451
ko:K04711	-0.2143778779868187
ko:K19881	-0.214390368107244
ko:K03800	-0.21484385993088
ko:K11422	-0.215894571823555
ko:K08658	-0.215971803249594
ko:K18716	-0.216305775194902
ko:K00249	-0.21664442636928172
ko:K15529	-0.217929986721396
ko:K17805	-0.218179214303202
ko:K17644	-0.2184313179037638
ko:K12844	-0.218605614947432
ko:K10365	-0.218694519687762
ko:K01207	-0.218767928977848
ko:K00129	-0.219523310470352
ko:K03139	-0.219536335768606
ko:K02994	-0.220005965698947
ko:K15440	-0.220643778129623
ko:K12572	-0.221089919468657
ko:K10576	-0.221455844782889
ko:K17430	-0.222182481878756
ko:K02935	-0.222273990683658
ko:K16576	-0.222526995752742
ko:K17804	-0.222602229351168
ko:K08334	-0.223305459489384
ko:K03686	-0.223745667029528
ko:K01268	-0.223840631609632
ko:K11984	-0.223847816737636
ko:K02520	-0.225743734637147
ko:K12600	-0.22607868066110334
ko:K10881	-0.226421177833258
ko:K10761	-0.226703668028238
ko:K13100	-0.227165865102467
ko:K03004	-0.22718237006906
ko:K03506	-0.22718237006906
ko:K15174	-0.228849017260065
ko:K03843	-0.228913737416977
ko:K12366	-0.228937831991842
ko:K17778	-0.228942287115491
ko:K03094	-0.22942914677302
ko:K11676	-0.229479176874311
ko:K10598	-0.22951651339974
ko:K15423	-0.22969705587331
ko:K20989	-0.229760584396295
ko:K13108	-0.230141967716688
ko:K18280	-0.231435542989614
ko:K02732	-0.231565096682486
ko:K06662	-0.231645404988869
ko:K13091	-0.232734071824707
ko:K20181	-0.233047288203176
ko:K06901	-0.233616449017171
ko:K00611	-0.233796665173308
ko:K11307	-0.233895139309786
ko:K11401	-0.233895139309786
ko:K14635	-0.234035726753662
ko:K18732	-0.23428218487114108
ko:K17081	-0.234473008082854
ko:K10704	-0.234561075777314
ko:K17841	-0.234696403285042
ko:K08853	-0.235319700935395
ko:K04555	-0.236477366075966
ko:K05288	-0.236510492752607
ko:K08333	-0.23692154614172
ko:K17637	-0.237310686855872
ko:K12175	-0.237778935447542
ko:K17776	-0.237912008628329
ko:K13171	-0.2380043654670285
ko:K17662	-0.238302386872692
ko:K03644	-0.238675488874215
ko:K18443	-0.238676285750444
ko:K12832	-0.238729211216399
ko:K14429	-0.238890544560764
ko:K07555	-0.238913665845914
ko:K10639	-0.239040672065421
ko:K04794	-0.2396690023111085
ko:K15116	-0.239871856565437
ko:K07977	-0.240033717847256
ko:K07937	-0.240033717847256
ko:K11672	-0.240166373170926
ko:K20456	-0.2420199742839495
ko:K06127	-0.242184036095743
ko:K15627	-0.242266362957483
ko:K13345	-0.243259265925788
ko:K14022	-0.244334157113731
ko:K11231	-0.245186775046289
ko:K05532	-0.245542578933043
ko:K18633	-0.245675880623125
ko:K17739	-0.24629676360452427
ko:K15364	-0.246940776476763
ko:K08284	-0.247131043711863
ko:K18803	-0.247553461966969
ko:K10631	-0.24791606284913
ko:K20359	-0.248572664251613
ko:K07107	-0.248876871446707
ko:K06647	-0.249093315565288
ko:K10994	-0.249371755108527
ko:K15148	-0.249927473970231
ko:K22120	-0.250083551306393
ko:K03650	-0.250176112586281
ko:K02831	-0.251462869115576
ko:K10736	-0.251802735783493
ko:K14961	-0.252357278781413
ko:K02603	-0.252514022886851
ko:K15014	-0.252597990859152
ko:K12481	-0.252654689013988
ko:K20815	-0.252934864199031
ko:K09650	-0.2544142450658101
ko:K17796	-0.25486313988283
ko:K13123	-0.255145615029554
ko:K17819	-0.255592254160327
ko:K17972	-0.255606456805285
ko:K10882	-0.255802142658132
ko:K18172	-0.255865206202878
ko:K19838	-0.255879756521773
ko:K07199	-0.25677980299225
ko:K03131	-0.257757561278852
ko:K10862	-0.2578127177575519
ko:K00591	-0.258001351098343
ko:K00568	-0.258001351098343
ko:K10577	-0.258070378772851
ko:K03801	-0.258396871175887
ko:K08073	-0.258933674788593
ko:K08075	-0.258933674788593
ko:K14402	-0.260231472944175
ko:K11366	-0.260535465882139
ko:K12861	-0.260608882157849
ko:K20180	-0.261207960497168
ko:K03860	-0.262022484355299
ko:K09595	-0.2621138944852
ko:K01850	-0.262145647299467
ko:K11271	-0.262163997093123
ko:K19668	-0.262866671915073
ko:K20302	-0.263167250227073
ko:K08504	-0.26335169178734197
ko:K12667	-0.263459120268704
ko:K09270	-0.263547875414756
ko:K02604	-0.263902080648724
ko:K03132	-0.264640834195906
ko:K10273	-0.265898990606309
ko:K15441	-0.266768574215928
ko:K20290	-0.267294671709001
ko:K01427	-0.267989901285287
ko:K13217	-0.268304770000729
ko:K20463	-0.268487156157164
ko:K20310	-0.268608609641409
ko:K07204	-0.26883098022465
ko:K13339	-0.269001234130121
ko:K01247	-0.269085983003205
ko:K01501	-0.269562169275592
ko:K11778	-0.2698798753546248
ko:K03282	-0.270231449730152
ko:K08337	-0.270335760048716
ko:K03123	-0.270689605699968
ko:K09243	-0.270785125721899
ko:K21547	-0.270785125721899
ko:K15152	-0.271038876794554
ko:K03128	-0.271301988257684
ko:K11811	-0.27319181233738
ko:K10981	-0.2743819919391039
ko:K03512	-0.2743819919391039
ko:K09240	-0.274651858570086
ko:K20408	-0.275349552535924
ko:K17790	-0.27643084660182
ko:K04798	-0.277274082992855
ko:K11698	-0.277720650111907
ko:K06691	-0.277833811739994
ko:K11096	-0.277938711177045
ko:K10777	-0.2781354109446735
ko:K03842	-0.278159872983736
ko:K03135	-0.2793565386689793
ko:K11094	-0.2794270281653835
ko:K00489	-0.280037940464218
ko:K03105	-0.280586624075836
ko:K22262	-0.280704280347821
ko:K13344	-0.280849581514024
ko:K07905	-0.281504064337264
ko:K07904	-0.281504064337264
ko:K11315	-0.282245364440659
ko:K01480	-0.2823448120541705
ko:K20372	-0.28314310129927
ko:K12190	-0.284086465550478
ko:K13335	-0.284088170700406
ko:K14396	-0.284319786634354
ko:K13117	-0.285830330654118
ko:K15339	-0.28659000321245
ko:K14050	-0.286785331396106
ko:K11874	-0.2881886545501105
ko:K12840	-0.288833385996067
ko:K03347	-0.289134099764737
ko:K12606	-0.289190514293272
ko:K09602	-0.289619895145914
ko:K20366	-0.290331003727933
ko:K22382	-0.290729976437113
ko:K01710	-0.291020203630637
ko:K17428	-0.291077311507102
ko:K20177	-0.291300629617099
ko:K02202	-0.292059857453963
ko:K08329	-0.292539588554671
ko:K01620	-0.292552197980217
ko:K13192	-0.293374051575267
ko:K00605	-0.293768625203257
ko:K18170	-0.29388042374316
ko:K13754	-0.294345026128017
ko:K08272	-0.2946116324036
ko:K17764	-0.29557403569975
ko:K13338	-0.296061764730509
ko:K20167	-0.296847552063859
ko:K01424	-0.29872777172800397
ko:K01897	-0.29944991232522405
ko:K01061	-0.30290477952335615
ko:K15033	-0.303632440445612
ko:K09540	-0.30372882945645
ko:K05610	-0.3037985545060315
ko:K00620	-0.304060505790486
ko:K08818	-0.304086389797625
ko:K00253	-0.305881931753374
ko:K18337	-0.306321598499709
ko:K09613	-0.306396764821808
ko:K08498	-0.307449394276699
ko:K08499	-0.307449394276699
ko:K06963	-0.307776924882775
ko:K15053	-0.309560339969875
ko:K03434	-0.309587583871228
ko:K16185	-0.310887150749017
ko:K14968	-0.311174143989707
ko:K13093	-0.311318218202896
ko:K06100	-0.311513963888478
ko:K22072	-0.311902311216253
ko:K12386	-0.312045688508317
ko:K10416	-0.312204431325061
ko:K11206	-0.31327699874573
ko:K01431	-0.31327699874573
ko:K08098	-0.314538678265093
ko:K08341	-0.3146180573284
ko:K15071	-0.314825803193758
ko:K10903	-0.314947681657736
ko:K00999	-0.315339087643566
ko:K10088	-0.315668844930137
ko:K12734	-0.31594535857607
ko:K04799	-0.316303311756056
ko:K07126	-0.316608696000432
ko:K12189	-0.316642728852686
ko:K15564	-0.31702483934837
ko:K17979	-0.317225250615092
ko:K11309	-0.318543158164823
ko:K10080	-0.319050353325136
ko:K01796	-0.319248717455858
ko:K12275	-0.320688287141313
ko:K09486	-0.320929970522636
ko:K00679	-0.321498071244447
ko:K09142	-0.323139370019204
ko:K10732	-0.323561712018933
ko:K14407	-0.325546337066405
ko:K03469	-0.32596150062202
ko:K10740	-0.326441732028543
ko:K20403	-0.327169588058391
ko:K20477	-0.327643713249458
ko:K01045	-0.329677989163377
ko:K12041	-0.330663887022177
ko:K14405	-0.330849649530864
ko:K15560	-0.331678531861487
ko:K06062	-0.331684515647424
ko:K17086	-0.332526676528316
ko:K01358	-0.333201707001396
ko:K11293	-0.333209039567753
ko:K11825	-0.333440881694466
ko:K11770	-0.334534436397302
ko:K12488	-0.335071515855654
ko:K07891	-0.335168462929664
ko:K09557	-0.335168462929664
ko:K17774	-0.338183309891092
ko:K02358	-0.338441098855069
ko:K08876	-0.338787395149895
ko:K08197	-0.338849712761581
ko:K08269	-0.339991959235452
ko:K15134	-0.341928478362409
ko:K08783	-0.342560336208568
ko:K17866	-0.342806143818721
ko:K01053	-0.343221913386905
ko:K03868	-0.344660919899725
ko:K07893	-0.350133994117591
ko:K19985	-0.350509119354548
ko:K13996	-0.35053606457714
ko:K13984	-0.35053606457714
ko:K03140	-0.351542886744885
ko:K03857	-0.35195368737239
ko:K08336	-0.352199191283483
ko:K20363	-0.352237428059766
ko:K20305	-0.353276160160458
ko:K12824	-0.354330797095011
ko:K03358	-0.354968587918178
ko:K14997	-0.357084834590406
ko:K13343	-0.3574545534344453
ko:K11853	-0.357461260409565
ko:K12668	-0.357555063890404
ko:K02607	-0.358959658059073
ko:K13119	-0.359232645372209
ko:K08773	-0.359919621655111
ko:K19840	-0.359919621655111
ko:K10686	-0.361032418582262
ko:K12847	-0.361336312621657
ko:K01611	-0.361354670904544
ko:K13174	-0.362026588171147
ko:K21631	-0.362083549559338
ko:K10751	-0.36249265102062
ko:K17968	-0.362946646179507
ko:K02332	-0.363810538889204
ko:K04075	-0.363843973904567
ko:K18103	-0.363986354661963
ko:K02684	-0.364738520862128
ko:K11849	-0.364913322592242
ko:K19984	-0.365126059745152
ko:K03379	-0.365303676856597
ko:K08339	-0.366337276340358
ko:K00987	-0.366669237187054
ko:K20410	-0.367261913557885
ko:K00273	-0.367390525950792
ko:K20296	-0.36809696643428
ko:K08332	-0.368822748579742
ko:K19386	-0.36883972652263
ko:K21544	-0.370772452898667
ko:K17906	-0.370941672605129
ko:K15272	-0.371145998130904
ko:K12176	-0.371696682728295
ko:K18995	-0.37228804497691
ko:K18185	-0.375515092873189
ko:K01941	-0.375636303179554
ko:K13125	-0.376165947233476
ko:K15275	-0.376399589126445
ko:K11761	-0.3765275993572975
ko:K03854	-0.37684328115461135
ko:K00049	-0.377348787994272
ko:K03144	-0.378590857762989
ko:K08856	-0.37956300302865037
ko:K17908	-0.381402465256802
ko:K11561	-0.381502660189081
ko:K01489	-0.382504006033407
ko:K11426	-0.38256180525338207
ko:K11313	-0.383488525165352
ko:K15565	-0.384416684499269
ko:K14002	-0.386497157796685
ko:K12493	-0.387650015274184
ko:K19940	-0.388678239156652
ko:K10684	-0.388852524318896
ko:K02304	-0.389957426346204
ko:K15223	-0.391513097745126
ko:K21767	-0.393697009119203
ko:K12795	-0.394669492403114
ko:K16466	-0.398064362844484
ko:K12180	-0.399192918389674
ko:K19197	-0.400080031062198
ko:K14963	-0.400912886038059
ko:K16584	-0.402975244443971
ko:K20286	-0.405252345511554
ko:K18573	-0.405381992596665
ko:K00683	-0.409502222185121
ko:K12179	-0.411481305579199
ko:K06889	-0.413150027785976
ko:K02216	-0.413605369263369
ko:K10276	-0.413656561711216
ko:K00108	-0.416834720369594
ko:K10685	-0.418920357993444
ko:K03325	-0.421403039115442
ko:K18726	-0.423580606491411
ko:K08330	-0.424195349285636
ko:K10746	-0.425689708128104
ko:K10601	-0.426012470893538
ko:K03133	-0.428094196347987
ko:K01181	-0.428099898446392
ko:K02990	-0.43012236829417
ko:K07879	-0.431236691612367
ko:K07880	-0.431236691612367
ko:K14962	-0.431430189471872
ko:K00272	-0.437170752054507
ko:K14967	-0.438069396715712
ko:K17066	-0.440572882052371
ko:K17714	-0.44072033520184
ko:K12825	-0.441839170466285
ko:K08150	-0.442847402522195
ko:K10084	-0.447559488695478
ko:K17943	-0.447611007880623
ko:K17944	-0.447611007880623
ko:K00276	-0.4481184616522893
ko:K21768	-0.451455385287616
ko:K18083	-0.455808786566774
ko:K14376	-0.46039829796089
ko:K09702	-0.461116527818149
ko:K10868	-0.463658219582356
ko:K14284	-0.464668267776205
ko:K22151	-0.467258780754627
ko:K07870	-0.467830956027301
ko:K11343	-0.467875465498387
ko:K11399	-0.467875465498387
ko:K10971	-0.46888458175218
ko:K08342	-0.469033167204166
ko:K20777	-0.475603062277538
ko:K03136	-0.481493394364533
ko:K14675	-0.482138900834654
ko:K15389	-0.487244935561249
ko:K08331	-0.490069678435816
ko:K01180	-0.490466208947602
ko:K15631	-0.491761896879548
ko:K14300	-0.496549324564913
ko:K12177	-0.511189334747609
ko:K01771	-0.511415912908218
ko:K21766	-0.514921567892427
ko:K16368	-0.515037490435765
ko:K10688	-0.515460438463226
ko:K08340	-0.526687796450528
ko:K10858	-0.529034398869507
ko:K02575	-0.534035671218917
ko:K06013	-0.536244567431079
ko:K11093	-0.542113652748161
ko:K10863	-0.542727800689333
ko:K00618	-0.546936504065535
ko:K03424	-0.552675135981052
ko:K05609	-0.5573845040365389
ko:K03844	-0.560944546987987
ko:K10585	-0.569164180629123
ko:K01741	-0.569676821022576
ko:K12178	-0.569834537849429
ko:K16194	-0.573631048639229
ko:K08860	-0.573631048639229
ko:K16195	-0.573631048639229
ko:K10844	-0.584848362080145
ko:K17983	-0.587120821682482
ko:K11427	-0.591581193325748
ko:K17808	-0.597357664355666
ko:K19572	-0.59810869623791
ko:K17907	-0.611138096111252
ko:K20813	-0.619550172129066
ko:K00457	-0.61956424241422
ko:K09313	-0.619782786086208
ko:K12782	-0.620140116387647
ko:K17989	-0.623752888558208
ko:K18163	-0.628054293552121
ko:K01751	-0.643006446866153
ko:K00838	-0.645927255411006
ko:K16282	-0.649063763923509
ko:K01555	-0.652364870747668
ko:K00365	-0.653625809458207
ko:K10865	-0.668401197244102
ko:K10798	-0.675350614445822
ko:K10884	-0.679217231309326
ko:K13302	-0.680259023563316
ko:K15077	-0.683019882906518
ko:K01638	-0.693412679988565
ko:K10582	-0.725124273301421
ko:K03850	-0.759254832914033
ko:K10992	-0.800090681598276
ko:K07005	-0.811273749168748
ko:K22149	-0.830363668787732
ko:K10885	-0.841495038240223
ko:K04649	-0.855912070821695
ko:K13983	-0.870114283687436
ko:K18422	-0.870114283687436
ko:K12762	-0.87592670954224
ko:K15271	-1.01930904000633
ko:K02365	-1.02223084376539
ko:K17842	-1.53803099711824
ko:K09425	-1.92367720388569
ko:K21769	-1.92367720388569
ko:K15855	-2.04259115035278
